name,dockingscore,gscore,evdw,ecoul,lipo,hbond,metal,rewards,erotb,esite,emodel,energy,eff_state_penalty,einternal,ligand_efficiency,ligand_efficiency_ln,ligand_efficiency_sa,affinity
1h23,-13.5523646719375,-13.5523646719375,-48.1300392150879,-23.2753105163574,-5.45423102641015,-0.625213837791549,-0,-2.64964207102682,1.07452080149901,0,0,-71.4053497314453,0,0,-0.376454574220487,-2.95675982883632,-1.24302561510485,8.35
3b1m,-10.4610670695991,-10.4610670695991,-58.1683197021484,-1.63677060604095,-6.68880756631833,0,-0,-0.930489553027188,0.312161625759976,0,0,-59.8050903081894,0,0,-0.275291238673661,-2.25571379362067,-0.925522373005849,8.48
4jxs,-7.36138598994521,-7.36138598994521,-17.7278995513916,-19.6174736022949,-1.73590231371706,-0.808086905918688,-0,-1.53867796832937,0.657320891816655,-0.107023675882927,0,-37.3453731536865,0,0,-0.334608454088419,-1.79939124902072,-0.937586047759507,4.74
2pog,-10.4765434366924,-10.4765434366924,-29.8257312774658,-13.1352758407593,-4.19235641314869,-0.597396984403373,-0,-2.38408827272727,0.158876173574142,0,0,-42.9610071182251,0,0,-0.498883020794875,-2.59030419487286,-1.37638042586022,9.54
1bcu,-7.19078385115686,-7.19078385115686,-29.3921318054199,-6.38165092468262,-2.5881564642334,-0.108285772131064,-0,-1.97553763636364,0,-0.0919497494553792,0,-35.7737827301025,0,0,-0.449423990697304,-1.9060608989171,-1.13247749136795,3.28
3d6q,-4.84108564152999,-4.84108564152999,-17.4136943817139,-11.285439491272,-0.171341870492936,-0.5042877135035,-0,-2.11405927254216,0.570690187741986,-0.0585863299568951,0,-28.6991338729858,0,0,-0.220049347342272,-1.18333791367918,-0.616586925302797,3.76
3twp,-5.44844631888942,-5.44844631888942,-14.3674640655518,-4.13843631744385,-1.34229891100175,-0.16,-0,-2.6070087569935,0,0,0,-18.5059003829956,0,0,-0.544844631888942,-1.64975198684434,-1.17383217471824,3.92
3myg,-7.43002365996638,-7.43002365996638,-40.6549949645996,-6.51017284393311,-2.42437989183022,-0.515173501669057,-0,-2.00227373093394,0.532250948997882,-0.011171809711095,0,-47.1651678085327,0,0,-0.247667455332213,-1.68818233213625,-0.769560367002651,10.7
3coy,-11.5870347940882,-11.5870347940882,-46.3695373535156,-22.512056350708,-2.33123576278276,-1.26105639164466,-0,-2.88109837422461,0.667138032903618,-0.0854969780578498,0,-68.8815937042236,0,0,-0.37377531593833,-2.61323144603744,-1.17417054448612,6.02
4qac,-11.4104543936585,-11.4104543936585,-32.7122917175293,-7.64090204238892,-4.23065552582739,-0.608,-0,-4.06576293863636,0.333855675454017,-0.0581417124139221,0,-40.3531937599182,0,0,-0.475435599735769,-2.73104532803691,-1.37139357740273,9.4
4crc,-8.97901055000386,-8.97901055000386,-57.0191116333008,-10.4438409805298,-4.07159022647705,-0.585287917684871,-0,-0.51557501323315,0.709019760484916,-0.0980454243491949,0,-67.4629526138306,0,0,-0.230231039743689,-1.9253547462926,-0.78076213556239,8.72
3u8k,-9.90613771695466,-9.90613771695466,-32.5408706665039,-10.6024694442749,-3.22887295402212,0,-0,-4.14134812149639,0.683871010991186,-0.00237370246090881,0,-43.1433401107788,0,0,-0.619133607309666,-2.62581968147151,-1.56011892765173,8.66
4k18,-6.34444535622478,-6.34444535622478,-40.2884140014648,-2.71710109710693,-2.66958497002847,-0.16,-0,-1.71267880876148,0.648870796479659,-0.029066509275204,0,-43.0055150985718,0,0,-0.218773977800854,-1.45271710532245,-0.672142972265352,8.96
3g2z,-2.83664303182798,-2.83664303182798,0.229574173688889,-6.69746828079224,-0.407878849482422,0,-0,-2.19428645454546,0.9886576499177,-0.229993844283417,0,-6.46789410710335,0,0,-0.218203310140614,-0.795703598394971,-0.513069011670451,2.36
2yge,-6.39492996390514,-6.39492996390514,-40.7972450256348,-8.78686714172363,-1.96810470481214,-0.456,-0,-0.560658058293161,0.0661489583923203,-0.11842383665188,0,-49.5841121673584,0,0,-0.159873249097629,-1.36385036691322,-0.546758820275684,5.06
4w9l,-8.71830435864731,-8.71830435864731,-26.6783561706543,-27.6503067016602,-3.5922882216441,-1.47831549097798,-0,1.35944648797974,0.396412473696876,-0.069641799169128,0,-54.3286628723145,0,0,-0.212641569723105,-1.84961728287377,-0.733234325833618,5.02
2cet,-7.58758459592842,-7.58758459592842,-17.3131351470947,-37.1689491271973,-1.05560183516712,-0.373561432537145,-0,-1.70398312083352,0.554241009892136,-0.143022459928037,0,-54.482084274292,0,0,-0.344890208905837,-1.85468243911764,-0.966395929116385,8.02
2ymd,-11.8312394948953,-11.8312394948953,-20.857442855835,-22.8658027648926,-2.93118067235138,-0.842852299734355,-0,-4.08313789139725,0.498673926113303,0,0,-43.7232456207275,0,0,-0.910095345761178,-3.31876790062451,-2.13993875379186,3.16
3f3a,-7.06570496151325,-7.06570496151325,-21.3999309539795,-13.0658588409424,-1.98697738181497,-0.144594568703175,-0,-2.20938538150265,0.394331653755414,-0.0892039094075301,0,-34.4657897949219,0,0,-0.471046997434216,-1.90550412705119,-1.16170179160073,4.19
4lzs,-8.03828079050429,-8.03828079050429,-23.9313678741455,-6.55030488967896,-2.16076614136226,-0.608,-0,-3.47204039139544,0.381639869412533,0,0,-30.4816727638245,0,0,-0.535885386033619,-2.16779179206229,-1.32160700830036,4.8
3ozs,-4.58131767414086,-4.58131767414086,-31.9042434692383,11.8144941329956,-2.74558881464561,0,-2.3,-0.174921893181817,0.539573380302603,-0.077342293103461,0,-20.0897493362427,0,0,-0.138827808307299,-1.01886132993552,-0.445294960584748,5.33
2xys,-11.4092502796322,-11.4092502796322,-38.2008857727051,-8.70762538909912,-4.17120967915622,0,-0,-3.9838172582043,0,-0.038035245271586,0,-46.9085111618042,0,0,-0.456370011185289,-2.70433422391346,-1.3344340064624,7.42
1c5z,-8.21641572969979,-8.21641572969979,-15.6374311447144,-13.626971244812,-1.93107208110946,-0.4,-0,-2.90185555088907,0,-0.15757085374373,0,-29.2644023895264,0,0,-0.912935081077754,-2.56985880439632,-1.89898149225558,4.01
3nw9,-8.02035741580694,-8.02035741580694,-20.5130443572998,-15.17369556427,-2.60206008889921,-0.562166385550753,-0,-1.79281998444383,0.370400203716321,-0.132004608123976,0,-35.6867399215698,0,0,-0.211062037258077,-1.72942499385933,-0.70958537771015,9
1z9g,-7.69836863067,-7.69836863067,-19.2107410430908,-15.6134786605835,-1.19298552509263,-0.737354309758722,-1.63449046943991,-1.77899796969697,1.11006386832018,-0.162045373759883,0,-34.8242197036743,0,0,-0.452845213568824,-2.00833294150118,-1.16439255996756,5.64
5c1w,-6.09479913333928,-6.09479913333928,-22.288236618042,-0.486679553985596,-2.23637957334833,0,-0,-3.06909902928027,0.398093233289253,0,0,-22.7749161720276,0,0,-0.507899927778274,-1.74891316922651,-1.16280056127605,5.06
2iwx,-6.46296763558357,-6.46296763558357,-35.7321624755859,-5.35988426208496,-2.34298732470862,0,-0,-1.5293895477829,0,0,0,-41.0920467376709,0,0,-0.269290318149315,-1.54688472145543,-0.776767690454721,6.68
1vso,-7.70064333515275,-7.70064333515275,-16.5124111175537,-21.6362686157227,-0.6168276617758,-1.17274633441873,-0,-2.19192145454545,0.630184812740881,-0.27827184891757,0,-38.1486797332764,0,0,-0.366697301673941,-1.9039685040015,-1.01169004997525,4.72
4de2,-5.1767628212021,-5.1767628212021,-23.0569076538086,-9.70687961578369,-1.58061596588234,-0.449838866960456,-0,-1.21115168181818,0.899708162921001,-0.225987144404137,0,-32.7637872695923,0,0,-0.215698450883421,-1.23903688928081,-0.622181995546065,4.12
3oe4,-6.62593244860321,-6.62593244860321,-30.2500019073486,1.33971202373505,-1.61649807586931,-0.495647739677488,-2.3,-1.12709887675274,0.402028707097619,-0.177173171594118,0,-28.9102898836136,0,0,-0.200785831775855,-1.47357306932722,-0.644027447647205,7.47
4llx,-6.17721944250245,-6.17721944250245,-16.3481636047363,-3.67330193519592,-1.14975421224918,-0.608,-0,-3.05106175973707,0,0,0,-20.0214655399323,0,0,-0.686357715833605,-1.93205678646729,-1.42768158048669,2.89
4pcs,-6.41937105353528,-6.41937105353528,-14.0446147918701,-20.8741188049316,-0.835203169311623,-0.295095371926954,-0,-2.15420851515152,0.705343756564319,-0.00685919337625925,0,-34.9187335968018,0,0,-0.401210690845955,-1.70158252758708,-1.01098758874502,7.85
4tmn,-7.74539156530542,-7.74539156530542,-25.5867671966553,-18.4521255493164,-2.98941130562271,-1.07642725987573,-0,-0.225,0.913437389864685,-0.320833197441441,0,-44.0388927459717,0,0,-0.215149765702928,-1.68983518325209,-0.710408873119205,10.17
5a7b,-7.52443281941334,-7.52443281941334,-38.1777954101562,-7.12120962142944,-4.77884995835953,0,-0,-0.562069636363635,0.793557989032059,0,0,-45.2990050315857,0,0,-0.242723639335914,-1.69699019695007,-0.762487343615076,3.57
2vkm,-13.7515398008687,-13.7515398008687,-55.5970458984375,-25.6708202362061,-5.19163145644394,-1.05100612840005,-0,-1.11552245966684,0.479097952787979,-0.242002378793068,0,-81.2678661346436,0,0,-0.292585953209972,-2.83528274397674,-1.05589181727128,8.74
4kzu,-11.0110951509604,-11.0110951509604,-38.7905960083008,-9.34435844421387,-4.7091838338425,-0.608,-0,-2.55554967411778,0.202821924047004,0,0,-48.1349544525146,0,0,-0.611727508386688,-2.83034523078971,-1.60317960166067,6.5
4f3c,-12.7235954321048,-12.7235954321048,-36.7477722167969,-22.544584274292,-3.97259277413049,-1.12,-0,-3.27558876891878,1.00092523642505,-0.137262873496915,0,-59.2923564910889,0,0,-0.55319980139586,-3.07668074666768,-1.57322664680585,11.82
1owh,-8.59691035027422,-8.59691035027422,-30.7482967376709,-20.704704284668,-2.29947495647414,-0.562145234594551,-0,-1.50906695805189,0.5457076858781,-0.128810407447999,0,-51.4530010223389,0,0,-0.358204597928093,-2.05763513333151,-1.03324085379329,7.4
4f9w,-9.04054466606172,-9.04054466606172,-40.9289207458496,-3.85561227798462,-4.08826670806889,-0.32,-0,-2.2400251989151,0.352080394243353,-0.119545274330912,0,-44.7845330238342,0,0,-0.361621786642469,-2.14288000911811,-1.05738851753227,6.94
1qkt,-9.49972128919555,-9.49972128919555,-34.3633842468262,-9.46729373931885,-3.74444280416305,-0.247261399076549,-0,-2.36975381271682,0,0,0,-43.830677986145,0,0,-0.474986064459778,-2.37746691690784,-1.28931053971923,9.04
1mq6,-10.7662818025118,-10.7662818025118,-58.3092727661133,-9.02941131591797,-4.96944529150703,-0.281195925336308,-0,-1.71283191538479,0.487940544146873,-0.0208738787371802,0,-67.3386840820312,0,0,-0.299063383403105,-2.34891181798809,-0.987485533625777,11.15
4owm,-4.77078342531567,-4.77078342531567,-15.5254392623901,-0.0283690392971039,-1.31906424690904,-0.0305593576037239,-0,-2.60390381017027,0,-0.0367286916185598,0,-15.5538083016872,0,0,-0.433707584119607,-1.40404074943329,-0.964557031439953,2.96
1o0h,-8.48877654760044,-8.48877654760044,-26.3633785247803,-40.1930923461914,-0.574794987806913,-1.70353661774728,-0,-1.06465479764393,0.385663462334107,-0.213284680497417,0,-66.5564708709717,0,0,-0.314399131392609,-1.97604723186243,-0.943197393141619,5.92
3dx2,-9.21145915264405,-9.21145915264405,12.0013513565063,-28.0505352020264,-0.72438341547744,-0.406622634732905,-2.3,-2.29605231818182,0,-0.0844683520772096,0,-16.04918384552,0,0,-0.767621596053671,-2.6432441607021,-1.75741474633265,6.82
4m0z,-13.144688902812,-13.144688902812,-40.8355941772461,-18.3068218231201,-3.92918280333763,-1.74478810777455,-0,-3.03704670513548,0.354131695766021,0,0,-59.1424160003662,0,0,-0.547695370950498,-3.14612722491354,-1.57982682515183,5.19
3gy4,-8.5116403205179,-8.5116403205179,-20.8393096923828,-12.0949220657349,-1.75908550175037,-0.627651309664798,-0,-3.23,0,-0.0386997146233603,0,-32.9342317581177,0,0,-0.85116403205179,-2.57726601460598,-1.83377731615231,5.1
4cra,-9.63250700081773,-9.63250700081773,-47.5767288208008,-20.7145004272461,-3.4358321614256,-0.875497746643433,-0,-0.230046880165382,0.558217672486987,-0.163336379943349,0,-68.2912292480469,0,0,-0.253487026337309,-2.07705186902361,-0.852217147455295,7.22
3n76,-10.64285749374,-10.64285749374,-19.1165370941162,-27.3909473419189,-4.10525391281896,-0.64,-0,-1.5357644870557,0.593987760840439,0,0,-46.5074844360352,0,0,-0.483766249715456,-2.60150257912952,-1.35553205714969,6.85
4j21,-11.4722091934073,-11.4722091934073,-39.2633514404297,-13.077974319458,-4.29825214119124,-0.864,-0,-2.54164168976677,0.156548357490859,0,0,-52.3413257598877,0,0,-0.573610459670367,-2.87111558232689,-1.55701833523754,7.41
2zb1,-9.00002514429198,-9.00002514429198,-42.7272644042969,-6.02600193023682,-4.73482986843302,-0.0662037250988526,-0,-1.93829897044562,0.788110895688465,-0.00853996625257741,0,-48.7532663345337,0,0,-0.346154813241999,-2.11362637364578,-1.025482272176,6.32
3b68,-11.4805963768075,-11.4805963768075,-47.3321380615234,-11.335298538208,-5.09035203454148,-0.182952620114572,-0,-2.75816563560606,0.717775597262031,-0.1,0,-58.6674365997314,0,0,-0.370341818606692,-2.58922632099488,-1.16338462241082,8.4
4bkt,-7.58244538056462,-7.58244538056462,-14.6283740997314,-18.3318634033203,-1.50776033007331,-1.28,-0,-2.23327035612069,0.998295932008943,-0.078512410894937,0,-32.9602375030518,0,0,-0.399076072661296,-1.92231275996745,-1.06489524920971,3.62
3b27,-6.93395351807287,-6.93395351807287,-31.7466087341309,-3.3513548374176,-2.15427589415931,-0.16,-0,-2.76229545364689,0.274843015407957,-0.0421915233554442,0,-35.0979635715485,0,0,-0.433372094879554,-1.83798288883083,-1.09202924854233,5.16
4mme,-8.03693055459612,-8.03693055459612,-31.6898326873779,-6.99877738952637,-3.25789842393926,-0.16,-0,-2.20699323421765,0.222269346358651,0,0,-38.6886100769043,0,0,-0.401846527729806,-2.01137864210499,-1.09077929294805,6.5
3arp,-6.38180792603221,-6.38180792603221,-43.0380821228027,-0.19843202829361,-3.90927805165959,0,-0,-1.25463172908567,0.963770765097233,0,0,-43.2365141510963,0,0,-0.187700233118594,-1.40992037450958,-0.608075889598768,7.15
4e5w,-10.9222188800626,-10.9222188800626,-47.5479469299316,-14.6302194595337,-3.14113331862266,-0.608,-0,-2.88125048217484,0.280095186161546,0,0,-62.1781663894653,0,0,-0.390079245716521,-2.52116880779963,-1.18451033438469,7.66
3fcq,-7.37651564805779,-7.37651564805779,-20.2424068450928,-8.28562927246094,-0.668536359418238,-0.312966719389091,-2.3,-2.09198140909091,0.432597769957231,-0.180664196993006,0,-28.5280361175537,0,0,-0.526893974861271,-2.02704024144563,-1.26988943643533,2.77
3b5r,-11.8180910159829,-11.8180910159829,-42.0356330871582,-9.87773609161377,-4.95954155308078,-0.576336730178527,-0,-3.26758819090909,0.568817526285468,0,0,-51.913369178772,0,0,-0.422074679142246,-2.72796240071892,-1.28166731456771,8.77
4gid,-15.0930353235015,-15.0930353235015,-70.23681640625,-28.5669593811035,-5.57354817422921,-1.52297774182328,-0,-0.694894538081418,0.558772211363391,-0.348546260418523,0,-98.8037757873535,0,0,-0.321128411138331,-3.11187134143713,-1.1588965837022,10.77
3ebp,-6.67989811495294,-6.67989811495294,-35.5349197387695,-3.8751757144928,-3.78143792300681,0,-0,-0.782328147035528,0.241890299201793,0,0,-39.4100954532623,0,0,-0.238567789819748,-1.54191661526219,-0.724432318806745,5.91
3u9q,-5.00980519653117,-5.00980519653117,-20.8783531188965,-12.5485124588013,-2.60425018326846,-0.599923970686224,-0,-3.30957692392192,4.43014040611045,0,0,-33.4268655776978,0,0,-0.417483766377598,-1.43757227954325,-0.955799226022797,4.38
3e93,-12.0383768826153,-12.0383768826153,-50.2216339111328,-12.6936531066895,-6.26358036132644,-0.456,-0,-1.35632200124757,0.494326105510196,-0.0416709639913971,0,-62.9152870178223,0,0,-0.32536153736798,-2.61084172624353,-1.08417682319775,8.85
4w9c,-9.0255174441388,-9.0255174441388,-15.6901969909668,-21.6285820007324,-2.71938405209218,-1.28,-0,-1.84146610094701,0.916511385354598,-0.0723815267960092,0,-37.3187789916992,0,0,-0.322339908719243,-2.0833544268144,-0.978813810925058,4.65
4jia,-7.41103952455509,-7.41103952455509,-37.1106605529785,-1.98715353012085,-4.053261956733,0,-0,-1.65552014359555,0.451561563803305,-0.000212930862796722,0,-39.0978140830994,0,0,-0.23906579111468,-1.67141653387239,-0.750996649996662,9.22
1nc1,-9.21573945678169,-9.21573945678169,11.9594774246216,-19.2455997467041,-2.55803000265129,-0.597875539620506,-0,-4.16823947675634,0.417178005932118,-0.0199063529111368,0,-7.28612232208252,0,0,-0.460786972839085,-2.30639563060234,-1.25076827532286,6.12
3k5v,-7.28488852226714,-7.28488852226714,-42.0680313110352,-1.49426174163818,-3.07670087959586,0,-0,-2.43262079363202,0.551973977758225,0,0,-43.5622930526733,0,0,-0.269810686009894,-1.69580194721011,-0.80943205714043,6.3
2wer,-6.35315746554484,-6.35315746554484,-33.3101387023926,-7.77467584609985,-1.98368480581935,-0.0845516064465125,-0,-1.45321274124438,0,0,0,-41.0848145484924,0,0,-0.254126298621794,-1.50588870809994,-0.743069804119222,7.05
2wbg,-6.22491974494495,-6.22491974494495,0.141602873802185,-37.7995338439941,-1.47272049883627,0,-0,-1.45915653436181,0.776699836000314,-0.0768226914372972,0,-37.657930970192,0,0,-0.282950897497498,-1.52159744512916,-0.79283954261533,4.45
4w9i,-10.0541591515911,-10.0541591515911,-31.0114860534668,-23.1323184967041,-2.91841035103847,-1.2692236605249,-0,-1.39403865037442,0.633853873044553,-0.0859182855188805,0,-54.1438045501709,0,0,-0.304671489442154,-2.23599293766383,-0.977244260617689,5.96
1gpn,-10.4392413829402,-10.4392413829402,-33.186897277832,-13.7797403335571,-3.27073123124172,-0.32,-0,-3.12220423777327,0,0,0,-46.9666376113892,0,0,-0.54943375699685,-2.64657190492176,-1.46610994159493,6.48
3aru,-4.66653823978566,-4.66653823978566,-26.9326038360596,-2.73506736755371,-1.01152145188228,-0.0628580528932477,-0,-2.76607088072675,0.93080244265265,0,0,-29.6676712036133,0,0,-0.233326911989283,-1.16788060868628,-0.633346679696953,3.22
3dx1,-9.03593244333521,-9.03593244333521,9.20271110534668,-26.7630443572998,-0.446731056307541,-0.206240264394226,-2.3,-2.475,0,-0.0680966779007755,0,-17.5603332519531,0,0,-1.00399249370391,-2.82618008987768,-2.0883885430895,3.58
1z95,-11.4759556716287,-11.4759556716287,-47.2491798400879,-10.796103477478,-4.65868332791355,-0.197347438228649,-0,-3.17472019090909,0.536669799048706,0,0,-58.0452833175659,0,0,-0.395722609366506,-2.62770284367574,-1.21578522969639,7.12
4mgd,-9.97895827125605,-9.97895827125605,-29.3995208740234,-13.5936441421509,-4.0450773801059,-0.539804428218331,-0,-2.143677,0.258623202091983,0,0,-42.9931650161743,0,0,-0.525208330066108,-2.52988025013505,-1.40146677249539,4.69
2fvd,-9.75782814143977,-9.75782814143977,-40.6484107971191,-14.1351842880249,-2.57256510259447,-0.536286438364032,-0,-2.74075642328468,0.409996736210045,-0.165518730346936,0,-54.783595085144,0,0,-0.325260938047992,-2.21708487378828,-1.01066135847395,8.52
3pxf,-6.5763286843583,-6.5763286843583,-22.4766082763672,-9.02183818817139,-2.28842379571528,-0.2,-0,-1.99997240909091,0.412322795855975,-0.0231491333640235,0,-31.4984464645386,0,0,-0.313158508778967,-1.62598397848424,-0.863980580032948,4.43
4cr9,-6.43945229385324,-6.43945229385324,-24.4149074554443,-4.68212556838989,-2.16752237596618,-0.0780813908255016,-0,-2.22121104545455,0,-0.0495732735763097,0,-29.0970330238342,0,0,-0.495342484142557,-1.80632363833592,-1.16471596427035,4.1
5c28,-5.6132469610041,-5.6132469610041,-22.1573066711426,-0.475407242774963,-1.84635024039355,0,-0,-3.05809060404056,0.470370303403386,0,0,-22.6327139139175,0,0,-0.467770580083675,-1.61073093919046,-1.07092728965138,5.66
3cyx,-10.8745116981653,-10.8745116981653,-64.7738494873047,-13.2687854766846,-4.3889512466356,-0.769546667815837,-0,-0.809595551993813,0.404566203405046,-0.0819741392571373,0,-78.0426349639893,0,0,-0.221928810166638,-2.22299901375472,-0.81210536120786,8
3gnw,-11.0126337359426,-11.0126337359426,-53.6092834472656,-19.7448635101318,-4.40359037841306,-0.600423951100186,-0,-0.515390886730962,0.208419987391028,-0.0594548082063303,0,-73.3541469573975,0,0,-0.250287130362331,-2.30188069006855,-0.883600752913622,9.1
3f3c,-7.9005178380679,-7.9005178380679,-16.9546794891357,-17.9318351745605,-1.79504923929972,-0.32,-0,-2.57083135586274,0.472309849440705,-0.149437841705282,0,-34.8865146636963,0,0,-0.607732141389839,-2.21616551762002,-1.42898166367099,6.02
1k1i,-9.25777947431554,-9.25777947431554,-34.7820205688477,-20.5337467193604,-2.58363206406611,-0.929269843543258,-0,-1.100646987733,0.332446866942037,-0.157514409568774,0,-55.315767288208,0,0,-0.257160540953209,-2.01979736499875,-0.849125396499599,6.58
1oyt,-10.3991954699029,-10.3991954699029,-39.1512908935547,-16.0234661102295,-3.50548649366394,-0.704736960355494,-0,-1.98177448025085,0.353886925579533,-0.2,0,-55.1747570037842,0,0,-0.346639848996764,-2.36281051907187,-1.07709060544055,7.24
2al5,-9.93719876554258,-9.93719876554258,-20.0217876434326,-22.1974849700928,-0.513025374415179,-1.67258103268924,-0,-3.46989455814143,0.249014327388817,-0.2,0,-42.2192726135254,0,0,-0.662479917702839,-2.6798986601068,-1.63381597056538,8.4
3n86,-10.182595639394,-10.182595639394,-23.7881126403809,-21.4653949737549,-3.63326198227732,-0.941906597407008,-0,-1.67510986363636,0.509526347363538,-0.0326286653546052,0,-45.2535076141357,0,0,-0.442721549538871,-2.46224395627797,-1.25904119468641,5.64
3uev,-0.515663376803402,-0.515663376803402,-21.8253517150879,-0.686674773693085,-3.09017121724406,0,-0,-2.75888877272727,6.58334722634122,-0.0556818113649359,0,-22.512026488781,0,0,-0.0322289610502126,-0.136686878631513,-0.081211892811754,5.89
2r9w,-5.24485194834248,-5.24485194834248,-16.6814727783203,-11.9962520599365,-1.90523580645471,-0.341574538836909,-0,-0.807993058706841,0.511958384493235,-0.0684954809307678,0,-28.6777248382568,0,0,-0.180856963735948,-1.2009380982004,-0.555649892104728,5.1
4ih7,-8.41289380305239,-8.41289380305239,-26.6474437713623,-10.2804889678955,-3.37402706024895,-0.608,-0,-1.85930740909091,0.329318044573973,-0.0264318445340688,0,-36.9279327392578,0,0,-0.494876106061905,-2.19473664728248,-1.27246581997189,5.24
3uex,-1.44670002921103,-1.44670002921103,-26.5977458953857,0.504265606403351,-4.12396108503939,0,-0,-2.37634568181818,6.31084456571841,-0.00299037426308102,0,-26.0934802889824,0,0,-0.0723350014605513,-0.36206130195111,-0.196347402064871,6.92
2brb,-6.16421011966399,-6.16421011966399,-36.3106994628906,-4.96556377410889,-2.38462425538843,-0.141842398352518,-0,-1.93436811217973,0.856994185517548,0,0,-41.2762632369995,0,0,-0.24656840478656,-1.46110252483114,-0.720970388505179,4.86
3kgp,-5.8708932642164,-5.8708932642164,-12.6538753509521,-5.89135217666626,-1.9726035711398,0,-0,-2.38189309902905,0,0,0,-18.5452275276184,0,0,-0.533717569474218,-1.72780288763325,-1.18697724754896,2.57
1y6r,-11.3188985310858,-11.3188985310858,-25.7060699462891,-23.2164478302002,-3.08415815224493,-0.590757252210585,-0,-3.21994903654216,0.417120982146093,-0.0733844003897181,0,-48.9225177764893,0,0,-0.565944926554289,-2.83274698007187,-1.53621087712745,10.11
3prs,-9.58710062135578,-9.58710062135578,-63.1449089050293,-19.9250869750977,-2.44262370541052,-1.27723243740767,-0,0,0.5207943689066,-0.242030355928068,0,-83.069995880127,0,0,-0.191742012427116,-1.95176215802763,-0.706383612473061,7.82
5c2h,-8.86100245593429,-8.86100245593429,-48.1262168884277,-4.91933727264404,-5.11929199784742,-0.32,-0,-0.959396275522391,0.681897252753514,0,0,-53.0455541610718,0,0,-0.285838788901106,-1.99842761092568,-0.897928440129098,11.09
3ivg,-9.60781950592584,-9.60781950592584,-43.0359992980957,-13.5558176040649,-4.42188578903424,-0.434052769164144,-0,-0.868919847675562,0.461692421715939,-0.159480916253312,0,-56.5918169021606,0,0,-0.331304120893995,-2.1999470335756,-1.01787122389919,4.3
3dxg,-4.57340224340216,-4.57340224340216,-18.9707279205322,-7.36275243759155,-0.169340138801377,-0.554862879573205,-0,-2.49543820010803,0.712666992489741,-0.0134787557439466,0,-26.3334803581238,0,0,-0.217781059209627,-1.13076446325179,-0.600841428801569,2.4
2y5h,-9.90943731706277,-9.90943731706277,-47.9216270446777,-9.54242134094238,-4.22732903669907,-0.156257006249037,-0,-2.16465662058571,0.466249899846294,0,0,-57.4640483856201,0,0,-0.319659268292347,-2.2348818027799,-1.00417143962173,5.79
2xj7,-9.66137894966787,-9.66137894966787,-23.1520214080811,-26.348726272583,-1.4762028023786,-0.48,-0,-2.75248819506293,0.223854769295224,-0.0666327102300596,0,-49.5007476806641,0,0,-0.603836184354242,-2.56094148103478,-1.52157183730599,6.66
4rfm,-7.16758369684288,-7.16758369684288,-45.4009628295898,0.049867507070303,-3.65399931640667,-0.181329437355979,-0,-1.53285900015211,0.463172072490824,0,0,-45.3510953225195,0,0,-0.199099547134524,-1.56377311691815,-0.657412219140783,10.05
3fv2,-10.3074330288121,-10.3074330288121,-21.9311027526855,-25.8564205169678,-0.845313350053963,-1.17127916905249,-0,-3.34717419944706,0.302822225365534,-0.271470320444695,0,-47.7875232696533,0,0,-0.515371651440606,-2.57961052521775,-1.39893388836705,8.11
3g0w,-11.1871757174777,-11.1871757174777,-46.4311790466309,-7.9472804069519,-3.94116881827706,-0.345528304544835,-0,-3.53497205088297,0.148144469601494,0,0,-54.3784594535828,0,0,-0.466132321561571,-2.67760449523601,-1.34455827953278,9.52
1yc1,-9.14012333824734,-9.14012333824734,-41.5837821960449,-10.2242002487183,-3.3188056669451,-0.648233515159295,-0,-1.80289521060292,0.285437727086359,-0.0428075255163892,0,-51.8079824447632,0,0,-0.338523086601753,-2.12767002643394,-1.01556925868954,6.17
3ozt,-6.76431309596511,-6.76431309596511,-30.6209945678711,3.37440252304077,-2.9379937494687,-0.32,-2.3,-0.454303227272727,0.445174230577691,-0.172300999863936,0,-27.2465920448303,0,0,-0.218203648256939,-1.52555990444058,-0.685460718130944,4.13
1w4o,-7.78041398088617,-7.78041398088617,-12.8384103775024,-27.3494853973389,-0.266632532487608,-1.04237206155522,-0,-2.48168897389973,0.712666992489741,-0.0604668865582384,0,-40.1878957748413,0,0,-0.370495903851723,-1.92369163496732,-1.02217010534935,5.22
2w4x,-5.73752979400517,-5.73752979400517,-5.54648303985596,-22.3739433288574,-0.708067882397509,-0.32,-0,-2.08777376506546,1.01172750477921,0,0,-27.9204263687134,0,0,-0.318751655222509,-1.47480244847035,-0.835365656509394,4.85
4u4s,-7.10898797457782,-7.10898797457782,-25.8538227081299,-6.60003328323364,-1.67379177331244,-0.32,-0,-2.81486575758278,0,-0.0176343157910611,0,-32.4538559913635,0,0,-0.507784855326987,-1.9535245891082,-1.22383373985509,2.92
4de3,-5.59473297919634,-5.59473297919634,-25.7297458648682,-12.2119283676147,-1.37903071074514,-0.428772682027996,-0,-1.07275323343826,0.644425911798141,-0.240325716397458,0,-37.9416742324829,0,0,-0.266415856152206,-1.38328642388383,-0.735021145763668,5.52
3uri,-10.4438782423889,-10.4438782423889,-62.1167869567871,-30.7182464599609,-1.61735278513294,-1.56106927651799,-0,-0.213498727003366,0.474872673423639,-0.420990779318914,0,-92.835033416748,0,0,-0.160675049882907,-2.01837970326477,-0.646030310927858,9
3fv1,-7.5467978129252,-7.5467978129252,-20.500789642334,-32.3483619689941,-0.73631172936916,-0.688,-0,-1.40415575750413,0.58716509998203,-0.280455943917231,0,-52.8491516113281,0,0,-0.359371324425009,-1.86593050950488,-0.991478234248069,9.3
2wca,-5.82162150874583,-5.82162150874583,9.13372135162354,-26.8041095733643,-1.24750302620335,-0.64,-0,-1.32495603870211,0.93415148857845,0,0,-17.6703882217407,0,0,-0.215615611435031,-1.35517751030445,-0.646846833594458,5.6
1nvq,-11.8821371684724,-11.8821371684724,-43.461368560791,-20.2133159637451,-3.24915374603659,-0.999550937191761,-0,-2.32836666264269,0,-0.1,0,-63.6746845245361,0,0,-0.330059365790899,-2.59236131191261,-1.08983201235604,8.25
2w66,-7.66586768786991,-7.66586768786991,-4.14493703842163,-28.3446216583252,-1.26846838479596,-0.628488965332177,-0,-2.09642875456193,0.62126074302516,-0.0864954742839203,0,-32.4895586967468,0,0,-0.479116730491869,-2.03199135985295,-1.20729850709125,4.05
3ary,-4.00910296077492,-4.00910296077492,-19.9317874908447,-3.35969924926758,-0.867844324044358,0,-0,-2.22329488632513,0.582580511526943,0,0,-23.2914867401123,0,0,-0.235829585927936,-1.04588568413272,-0.606384272256385,6
4msn,-6.82192963034759,-6.82192963034759,-20.2025241851807,-2.35712885856628,-2.02948647743094,-0.32,-0,-3.10874761487267,0,0,0,-22.5596530437469,0,0,-0.524763817719045,-1.91361193282286,-1.2338953664086,4.03
4msc,-7.41413096414485,-7.41413096414485,-28.3402729034424,-2.82435417175293,-3.76106528469944,-0.32,-0,-2.15685959090909,0.664460682398732,0,0,-31.1646270751953,0,0,-0.337005952915675,-1.81228404463479,-0.944303933761758,5.96
2xnb,-10.1836026575622,-10.1836026575622,-42.8268394470215,-10.1063423156738,-3.45856371111882,-0.802728919597471,-0,-2.61658477218155,0.369981057469241,-0.0184129924314515,0,-52.9331817626953,0,0,-0.3771704687986,-2.37057480886937,-1.13151140515271,6.83
4mrw,-6.1361611487081,-6.1361611487081,-1.52600395679474,-5.45832538604736,-2.36719841529969,-0.206053621600959,-0,-2.66786010606061,0,0,0,-6.9843293428421,0,0,-0.511346762392341,-1.7607820711873,-1.17069184261841,3.3
3jya,-7.03356028484395,-7.03356028484395,-32.3847122192383,-1.39945650100708,-2.92603999750221,0,-0,-2.27836620122876,0,0,0,-33.7841687202454,0,0,-0.439597517802747,-1.86438565205383,-1.10771633129869,6.89
3up2,-9.0368567155409,-9.0368567155409,-33.7720184326172,-7.53103733062744,-2.9107824481681,-0.934502936775973,-0,-2.73188663798601,0.450151089722957,-0.0915792611088106,0,-41.3030557632446,0,0,-0.322744882697889,-2.08597186358948,-0.980043550441147,7.4
2zda,-11.5519721585101,-11.5519721585101,-39.8928146362305,-21.7229194641113,-4.4065006950618,-0.980736794206675,-0,-1.50986338787096,0.875140949646967,-0.276933579589387,0,-61.6157341003418,0,0,-0.39834386753483,-2.6451086915598,-1.22383856526236,8.4
3ueu,-0.440484660042471,-0.440484660042471,-19.2512493133545,-0.0745500698685646,-2.96148101884504,0,-0,-3.0763333658388,6.57107470078938,0,0,-19.3257993832231,0,0,-0.0314631900030336,-0.121043616559083,-0.0758307639253797,5.24
4mrz,-6.50663488705915,-6.50663488705915,-18.7386608123779,-3.8760347366333,-1.37127711014972,-0.608,-0,-3.00901952579553,0,0,0,-22.6146955490112,0,0,-0.591512262459922,-1.91490153894606,-1.31551149398699,3.52
2fxs,-4.60174455892457,-4.60174455892457,-26.2760810852051,-9.89136123657227,-1.50368023619271,0,-0,-0.991579470528566,0.70059978879857,-0.00957640125576977,0,-36.1674423217773,0,0,-0.164348019961592,-1.06221775729107,-0.49905738441065,6.06
1lpg,-11.6630881222233,-11.6630881222233,-45.2634735107422,-12.8712968826294,-4.94119473687573,-0.4,-0,-2.44811448967253,0.435115752334938,-0.115026440078431,0,-58.1347703933716,0,0,-0.284465563956665,-2.47436295810748,-0.980899060716355,7.09
1q8t,-7.42154745497066,-7.42154745497066,-28.7177314758301,-10.8410882949829,-2.20691541155988,-0.32,-0,-2.67052629648751,0.849621301916318,-0.0116772308006416,0,-39.558819770813,0,0,-0.412308191942815,-1.90767050472937,-1.08055314475489,4.76
3qqs,-9.83655051329325,-9.83655051329325,-24.5805835723877,-17.2882614135742,-2.89468643221955,-0.696510800041727,-0,-2.69204431818182,0.375771166836675,-0.106811739031313,0,-41.8688449859619,0,0,-0.517713184910171,-2.49377682485329,-1.38146671482351,5.82
2weg,-7.88286425956887,-7.88286425956887,-12.715895652771,-11.3885116577148,-0.535872628034341,0,-2.3,-2.44654225227273,0,-0.256377847966025,0,-24.1044073104858,0,0,-0.71662402359717,-2.31992560885399,-1.59375755962989,6.5
3jvs,-4.16958226006416,-4.16958226006416,-34.3355484008789,-8.38199710845947,-2.35868181684015,-0.608,-0,1.20413863425836,0.595144299186906,-0.0281063903564105,0,-42.7175455093384,0,0,-0.138986075335472,-0.947374520724056,-0.431862050667714,6.54
3f3e,-6.23574239467105,-6.23574239467105,-14.0703887939453,-15.1311101913452,-1.20494564477521,-0.32,-0,-2.43112260043772,0.807950844646829,-0.114439025705905,0,-29.2014989852905,0,0,-0.692860266074562,-1.95036108469627,-1.44120743004158,7.7
2qbq,-7.30200400686245,-7.30200400686245,-35.5975494384766,-20.0615177154541,-1.73099640391079,-1.08895480379217,-0,0,0.396004568612147,-0.0889522385296964,0,-55.6590671539307,0,0,-0.235548516350401,-1.64682568309538,-0.739947551115659,7.44
1bzc,-6.45568358999216,-6.45568358999216,-25.7220211029053,-19.7407779693604,-0.900399123590915,-1.10078047147705,-0,-0.734779379841426,0.754782868584869,-0.227289733118322,0,-45.4627990722656,0,0,-0.222609778965247,-1.47818784009696,-0.683927768709473,4.92
1pxn,-9.00901952993616,-9.00901952993616,-28.5253295898438,-10.9761056900024,-2.89100455821267,-0.709440485889797,-0,-2.73305470848688,0.397162555645748,0,0,-39.5014352798462,0,0,-0.409500887724371,-2.20213298508812,-1.14743759215972,7.15
2j78,-6.15716494146928,-6.15716494146928,13.6488552093506,-28.6042900085449,-0.761779954940977,-0.291251505283561,-0,-2.09884172727273,0.61090454881625,-0.298639063255795,0,-14.9554347991943,0,0,-0.473628072420714,-1.72713952544155,-1.11365811480898,6.42
1z6e,-10.6674477270688,-10.6674477270688,-54.3566932678223,-12.6161670684814,-4.21746590022576,-0.461605395153364,-0,-1.7079602989989,0.441064004965484,-0.11122041399295,0,-66.9728603363037,0,0,-0.280722308607074,-2.30021553447498,-0.94378149653245,9.72
3zdg,-8.58721885258074,-8.58721885258074,-27.1007862091064,-9.17593002319336,-2.34977108745826,0,-0,-5.29588696752726,1.78986801633912,0,0,-36.2767162322998,0,0,-0.660555296352364,-2.40879125943471,-1.55318658014303,7.1
4gfm,-8.78458333324379,-8.78458333324379,-35.4155464172363,-10.2837295532227,-2.85675563062243,-0.608,-0,-2.48085084090451,0.474359892128365,0,0,-45.699275970459,0,0,-0.488032407402433,-2.25803184886226,-1.27900673056271,7.22
4eo8,-6.86781592650642,-6.86781592650642,-31.7066669464111,-6.4372353553772,-3.56485060187168,-0.32,-0,-1.06060770918963,0.642407704050956,-0.0138466688689306,0,-38.1439023017883,0,0,-0.254363552833571,-1.59871432289615,-0.763090657662373,8.15
2wvt,-6.14501865120614,-6.14501865120614,10.7004690170288,-29.2243232727051,-1.04162747851202,-0.348722856076865,-0,-2.08496154545455,0.85759698938551,-0.0623272113996583,0,-18.5238542556763,0,0,-0.472693742400473,-1.7237323829985,-1.11146119222449,6.12
3nx7,-9.10987094006679,-9.10987094006679,-23.8522319793701,-15.9340467453003,-1.70911865969363,-0.32,-2.875,-1.56605045454545,1.20166965063822,-0.258652865702381,0,-39.7862787246704,0,0,-0.45549354700334,-2.27990023264598,-1.23639970699652,8.1
1syi,-9.79453144723494,-9.79453144723494,-12.8026885986328,-24.3057422637939,-0.901290172296697,-1.75550228713472,-0,-2.75386200672704,0.211329765271266,-0.309210976847021,0,-37.1084308624268,0,0,-0.576148908660879,-2.55517514109209,-1.48144108091847,5.44
4ddk,-7.05052283985496,-7.05052283985496,-21.2511806488037,-6.3930778503418,-1.65539223078846,-0.455196364382317,-0,-2.91841353469273,0,0,0,-27.6442584991455,0,0,-0.587543569987913,-2.02315974239478,-1.34513898425741,2.29
2zcr,-9.43800330945142,-9.43800330945142,-42.8039398193359,-13.1855163574219,-4.54359235120716,0,-0,-1.40137813636363,0.982101881888009,-0.357110259188552,0,-55.9894561767578,0,0,-0.337071546766122,-2.17856827563981,-1.02354774050619,6.87
2xbv,-10.8066505318538,-10.8066505318538,-61.3344497680664,-9.06285095214844,-4.9028896693179,-0.32,-0,-1.73041493392892,0.608148697513424,-0.0353444948947698,0,-70.3973007202148,0,0,-0.300184736995938,-2.35771918409348,-0.991188161605173,8.43
4de1,-6.56755441952269,-6.56755441952269,-20.7092437744141,-16.5892086029053,-1.41498900526222,-0.661353360938246,-0,-1.43670957459758,0.796626779753608,-0.327285779321755,0,-37.2984523773193,0,0,-0.285545844327073,-1.5880942099316,-0.812054397066869,5.96
4abg,-7.89884496721516,-7.89884496721516,-23.1342487335205,-10.5122814178467,-2.49455170363513,-0.191485549185801,-0,-2.71682101620137,0.269183724467671,-0.0316157733075085,0,-33.6465301513672,0,0,-0.526589664481011,-2.13018824957312,-1.2986817875884,3.57
3uuo,-7.63333273488309,-7.63333273488309,-29.1937084197998,-2.71663165092468,-2.81366847318081,-0.5669684239641,-0,-2.57569447063276,0.190178801523264,0,0,-31.9103400707245,0,0,-0.331884031951439,-1.84580907052921,-0.943834038620237,7.96
4eor,-10.1983464859013,-10.1983464859013,-45.5020523071289,-13.2350378036499,-2.64584732855966,-0.772090248546984,-0,-2.85491597750054,0.424020850503833,-0.0891554958940153,0,-58.7370901107788,0,0,-0.364226660210761,-2.35407780541017,-1.10600665843062,6.3
1sqa,-8.94192586204692,-8.94192586204692,-38.975269317627,-16.6443557739258,-2.96730671548609,-0.407877784580129,-0,-1.30027688506512,0.403892260657292,-0.224939905602655,0,-55.6196250915527,0,0,-0.288449221356352,-2.01667831900864,-0.906128802128996,9.21
3mss,-3.93002271963361,-3.93002271963361,-26.4041976928711,-0.852072358131409,-3.32541842921258,0,-0,-1.83011548484848,2.67353193279072,0,0,-27.2562700510025,0,0,-0.187143939030172,-0.97169017607076,-0.516315937329558,4.66
2p15,-13.8140579827114,-13.8140579827114,-49.1272888183594,-11.1505165100098,-6.72013553248707,-0.582309153117284,-0,-2.52554683771557,0.142875458027937,0,0,-60.2778053283691,0,0,-0.431689311959732,-3.09334413932783,-1.37052813427332,10.3
3ejr,-9.06568883649787,-9.06568883649787,4.06290006637573,-31.9081211090088,-1.98445786499239,-0.206573171588713,-2.3,-1.21951230033699,0.470347073108908,-0.0286375760074746,0,-27.8452210426331,0,0,-0.362627553459915,-2.14883993102146,-1.06032939754384,8.57
3ge7,-11.5815002641902,-11.5815002641902,-36.0792198181152,-21.9814281463623,-2.65576256403661,-1.38363105341799,-0,-2.53537872444667,0.419525229164422,-0.325077938593263,0,-58.0606479644775,0,0,-0.44544231785347,-2.71987733504312,-1.31962111391002,8.7
3zsx,-7.26326447959741,-7.26326447959741,-35.09033203125,-13.7370281219482,-2.59754819020019,-0.986913386772044,-0,-0.633054496981938,0.861065474423869,-0.0917430602123655,0,-48.8273601531982,0,0,-0.213625425870512,-1.604658851211,-0.692063449889551,3.28
1u1b,-8.70229009362112,-8.70229009362112,-44.8848266601562,-23.2441024780273,-0.436219555895961,-1.26530735771621,-0,-1.13597319197655,0.198043133329928,-0.331976416650416,0,-68.1289291381836,0,0,-0.17063313909061,-1.76451698451756,-0.632781011797629,7.8
4ty7,-9.46891822212517,-9.46891822212517,-45.4233703613281,-19.4791069030762,-3.66989145992375,-0.988201607944993,-0,-0.0475681363636362,0.586576768103669,-0.156799232468628,0,-64.9024772644043,0,0,-0.270540520632148,-2.07863770107376,-0.884955981531924,9.52
5dwr,-8.68063871781863,-8.68063871781863,-40.927318572998,-14.5751810073853,-2.80509350837332,-0.36,-0,-1.69610796438807,0.512463207913293,-0.0992573732128382,0,-55.5024995803833,0,0,-0.271269959931832,-1.94383163419414,-0.861228438531393,11.22
2j7h,-5.67953295054299,-5.67953295054299,8.20212173461914,-20.9176292419434,-0.867133488527382,-0.16,-0,-2.25,0.466444090947447,-0.141305253402511,0,-12.7155075073242,0,0,-0.567953295054299,-1.71972342592816,-1.22361828024373,7.19
2br1,-7.36169219651086,-7.36169219651086,-39.7570152282715,-6.26162624359131,-2.86217542129175,-0.32,-0,-1.8892770840052,0.636855006738355,0,0,-46.0186414718628,0,0,-0.253851455052099,-1.68564083659376,-0.779912095705999,5.14
3utu,-13.3048937313742,-13.3048937313742,-64.3037567138672,-17.2784385681152,-5.03464557743501,-1.05151121959913,-0,-1.64968640058446,0.334420702610168,-0.0965176154551731,0,-81.5821952819824,0,0,-0.283082845348388,-2.74319357346635,-1.02159675382203,10.92
3syr,-9.99146935859973,-9.99146935859973,-18.4940185546875,-29.5983924865723,-1.90085806650951,-0.8,-0,-2.52131771365182,0.29926787113539,-0.143860521839412,0,-48.0924110412598,0,0,-0.499573467929986,-2.50053523974289,-1.35605102077844,5.1
3g31,-3.8800879371319,-3.8800879371319,-14.8218698501587,-2.82408857345581,-0.891450104486897,0,-0,-1.81562297045481,0,-0.00830808366388574,0,-17.6459584236145,0,0,-0.228240466890112,-1.01222853748758,-0.586870510203542,2.89
4kzq,-10.8927907726716,-10.8927907726716,-39.2618942260742,-8.3091926574707,-4.47782844415081,-0.608,-0,-2.90152985105983,0.304041132463358,0,0,-47.5710868835449,0,0,-0.6051550429262,-2.79993570037692,-1.58595486938295,6.1
2xii,-8.03295959985225,-8.03295959985225,-20.2584247589111,-27.0968971252441,-1.73177659701183,-0.347209488670863,-0,-1.11951950390047,0.396545104799238,-0.21807787712277,0,-47.3553218841553,0,0,-0.286891414280438,-1.85424293358842,-0.871171303762149,7.2
4m0y,-7.34916528010992,-7.34916528010992,-29.0746326446533,-9.251296043396,-1.7735395918004,-0.741682815905117,-0,-2.41229132566776,0.419774492005429,0,0,-38.3259286880493,0,0,-0.334052967277723,-1.79640406177575,-0.936029551869882,6.46
1p1n,-8.12270318072653,-8.12270318072653,-12.3158369064331,-17.1800327301025,-0.637972345536666,-0.776199119784127,-0,-4.07396284890341,0.758227888334714,-0.2,0,-29.4958696365356,0,0,-0.541513545381768,-2.19055911872824,-1.3354872428285,6.8
3coz,-11.7390084478599,-11.7390084478599,-40.937614440918,-28.281717300415,-2.09878366173283,-1.26712545868352,-0,-2.92191940909091,0.705841178760464,-0.110140375067163,0,-69.219331741333,0,0,-0.391300281595329,-2.66723062609533,-1.21586095318344,5.57
2wnc,-11.0502183261967,-11.0502183261967,-29.4554500579834,-8.71802139282227,-3.30721671427368,0,-0,-5.63090888329823,0.66838298319768,0,0,-38.1734714508057,0,0,-0.526200872676035,-2.73214415208355,-1.45174830778546,6.32
1uto,-5.71231596760276,-5.71231596760276,-16.1642036437988,-4.73881769180298,-1.94328313164237,0,-0,-2.25,0,0,0,-20.9030213356018,0,0,-0.634701774178084,-1.78664833496369,-1.32023289196323,2.27
3arq,-5.64713160189523,-5.64713160189523,-29.9045257568359,-8.72636032104492,-2.29471847514159,0,-0,-0.670299715484956,0.164234297207788,-0.0421673724779384,0,-38.6308860778809,0,0,-0.156864766719312,-1.23205154766904,-0.517956047003293,6.4
1a30,-6.55125351593443,-6.55125351593443,-27.3812065124512,-11.5930500030518,-1.54139038585681,-1.3251306365521,-0,-1.81534041820715,1.38627703148653,-0.147651280724578,0,-38.9742565155029,0,0,-0.251971289074401,-1.53854039180109,-0.746463952423767,4.3
3kwa,2.40054195420601,2.40054195420601,-11.0367860794067,-1.04280042648315,-1.59970321675801,-0.470753915881791,-0,-2.02949836363636,7.20875681842498,0,0,-12.0795865058899,0,0,0.171467282443286,0.659660383657601,0.413260543976296,4.08
3qgy,-8.33153689326069,-8.33153689326069,-36.2709312438965,-3.90308260917664,-3.39060078360508,-0.53214939850239,-0,-2.16996736597,0.223379435272571,-0.0631898268844689,0,-40.1740138530731,0,0,-0.277717896442023,-1.89301596151414,-0.862934074331445,7.8
4djv,-7.88183384959321,-7.88183384959321,-37.6764183044434,-10.1033239364624,-3.05951615757283,-0.600085476857845,-0,-0.975857959985623,0.417719767472812,-0.26477451695819,0,-47.7797422409058,0,0,-0.2814940660569,-1.81935867318379,-0.854781775687387,6.72
2xb8,-9.22494415828795,-9.22494415828795,-23.9576454162598,-16.5646553039551,-3.46429173261078,-0.589374751038936,-0,-1.75965010086924,0.270952992637252,0,0,-40.5223007202148,0,0,-0.419315643558543,-2.25491284029948,-1.17493892399952,7.59
4eky,-9.41978207751905,-9.41978207751905,-22.3560390472412,-28.6389770507812,-2.48246997932849,-0.657987026533543,-0,-1.75126149250332,0.653959661401741,-0.0642212881933788,0,-50.9950160980225,0,0,-0.392490919896627,-2.25458609678434,-1.13213971994161,3.52
3dd0,-7.72914538262346,-7.72914538262346,-21.3719863891602,-8.83545398712158,-1.24460477102995,0,-2.3,-1.87969527272727,0.266477349599139,-0.177405270939138,0,-30.2074403762817,0,0,-0.483071586413966,-2.04876437684802,-1.21726411953314,9
3fur,-10.7304733726872,-10.7304733726872,-56.705753326416,-4.98095226287842,-6.45647138197034,-0.16,-0,-0.92083760903892,0.389266124074611,0,0,-61.6867055892944,0,0,-0.346144302344749,-2.4200505950565,-1.08737101307664,8
2v7a,-10.0425729121227,-10.0425729121227,-45.6362991333008,-14.5288763046265,-3.80732539628172,-0.761076407795709,-0,-1.45161768181818,0.438592976131946,0,0,-60.1651754379272,0,0,-0.286930654632077,-2.2045676371081,-0.93856919661503,8.3
3e5a,-9.47199649145195,-9.47199649145195,-31.2597846984863,-11.8525466918945,-3.98254742150155,-0.808910475971234,-0,-1.85045083649496,0.521002287142742,-0.0102188059184559,0,-43.1123313903809,0,0,-0.287030196710665,-2.10652297632583,-0.920659208621883,8.23
4qd6,-6.5658533240633,-6.5658533240633,-28.1660633087158,-8.41198062896729,-2.6796422343161,-0.614099643432433,-0,-1.00791321919787,0.415890559525096,-0.00998852686111149,0,-36.5780439376831,0,0,-0.187595809258952,-1.44135052589517,-0.613638330872288,8.64
3bgz,-7.28894414431684,-7.28894414431684,-34.9328804016113,-5.48904848098755,-3.11405310639122,-0.357918174403188,-0,-1.62115739393939,0.380460596131568,-0.00627477348591238,0,-40.4219288825989,0,0,-0.303706006013202,-1.74457880158759,-0.876039712416605,6.26
2zy1,-8.75303652937706,-8.75303652937706,-40.7716941833496,-11.2913007736206,-4.00425846089153,-0.605718114346324,-0,-1.68216636115129,1.40486132946633,-0.133475097243671,0,-52.0629949569702,0,0,-0.364709855390711,-2.09500329215436,-1.05200526333382,7.4
4ivd,-9.30231022789624,-9.30231022789624,-33.1846504211426,-11.3875608444214,-2.54316070305841,-0.699068267841316,-0,-3.15750522265004,0.46479061337387,0,0,-44.572211265564,0,0,-0.37209240911585,-2.20492629175376,-1.08800480334172,9.52
3r88,-6.46899183596642,-6.46899183596642,-20.7516651153564,-5.78086996078491,-1.80168741692954,-0.588922741672538,-0,-2.17366792747879,0,0,0,-26.5325350761414,0,0,-0.462070845426173,-1.77765592845177,-1.11365647262513,4.82
3pyy,-9.15061567880657,-9.15061567880657,-37.0548362731934,-6.11731958389282,-3.49945743539351,-0.32,-0,-3.06169415352084,0.500875661351364,0,0,-43.1721558570862,0,0,-0.366024627152263,-2.16897013770071,-1.07026250126762,6.86
3n7a,-8.46001966040433,-8.46001966040433,0.361943572759628,-28.3325080871582,-1.27095691102774,-0.64,-0,-2.56715992801458,0,0,0,-27.9705645143986,0,0,-0.705001638367028,-2.42761729669832,-1.61405083158742,3.7
4f09,-9.36846338928332,-9.36846338928332,-32.5110664367676,-7.39450216293335,-2.68461035890945,-0.608,-0,-3.52889313209968,0.18776874800419,0,0,-39.9055685997009,0,0,-0.493077020488596,-2.37510668532718,-1.31572753312731,6.7
1s38,-10.3413687835069,-10.3413687835069,-26.4797191619873,-15.6185216903687,-1.91288345914165,-1.28166252056269,-0,-3.30220031763605,0,-0.177858274511823,0,-42.098240852356,0,0,-0.795489906423606,-2.90084591576655,-1.87046300910635,5.15
4x6p,-10.9447518713989,-10.9447518713989,-60.3263320922852,-17.4720840454102,-4.47355106167202,-0.965627446123519,-0,-0.359289852076133,0.54504584154356,-0.0542001416449769,0,-77.7984161376953,0,0,-0.273618796784972,-2.33419348450004,-0.935763120971202,8.3
2v00,-4.3393525054561,-4.3393525054561,-23.0471286773682,-6.6546573638916,-0.79589306358815,-0.305281618412918,-0,-1.94146963636364,1.083141712306,-0.229294860945254,0,-29.7017860412598,0,0,-0.271209531591007,-1.15023206210505,-0.683405194935675,3.66
5aba,-5.23167928541628,-5.23167928541628,-28.1759986877441,-4.41321897506714,-2.868291071921,0,-0,-0.64943659090909,0.359770464944682,-0.0029393068835922,0,-32.5892176628113,0,0,-0.22746431675723,-1.26506748945866,-0.646878258844288,2.98
2vw5,-7.84375336571457,-7.84375336571457,-39.4107131958008,-12.9945831298828,-2.68909594711452,-0.576,-0,-0.639815290668553,0.0808810013409564,-0.1,0,-52.4052963256836,0,0,-0.217882037936516,-1.71129507067263,-0.71943063724791,8.52
4agq,-6.95212818292853,-6.95212818292853,-40.1632347106934,-6.23586940765381,-4.44460574630497,-0.0224392741435128,-0,0,0.458458984202685,0,0,-46.3991041183472,0,0,-0.231737606097618,-1.57959927266498,-0.720062621702091,5.01
3lka,-6.6573539991214,-6.6573539991214,-22.8044376373291,-7.41324186325073,-1.88866152051305,-0.32,-0,-2.13260959090909,0,-0.0638747263451934,0,-30.2176795005798,0,0,-0.554779499926783,-1.91033926246673,-1.27012798903356,2.82
1ydt,-9.66353927733484,-9.66353927733484,-43.2746200561523,-9.82174110412598,-4.06979662647253,-0.32,-0,-2.17100254835066,0.600302457385579,-0.0660503914707234,0,-53.0963611602783,0,0,-0.357908862123513,-2.24951262786735,-1.07372658519093,7.32
4j3l,-11.531827230975,-11.531827230975,-38.0967597961426,-16.1857109069824,-4.6087700953309,-0.864,-0,-2.2174930026404,0.491130492850773,0,0,-54.282470703125,0,0,-0.443531816575962,-2.70821178618305,-1.31396126139286,7.8
3u8n,-10.746819839267,-10.746819839267,-37.3970756530762,-12.2520208358765,-3.27530149326459,0,-0,-4.15738483164957,0.40548353211286,-0.0119601384304076,0,-49.6490964889526,0,0,-0.632165872898058,-2.8036059761534,-1.62547646969006,10.17
3rsx,-6.27341865657768,-6.27341865657768,-25.7914085388184,-5.33002805709839,-1.89270371077804,-0.304,-0,-2.21943641402132,0.331796103727357,-0.1,0,-31.1214365959167,0,0,-0.392088666036105,-1.66289492930816,-0.988001526615071,4.41
3rr4,-10.1304885110874,-10.1304885110874,-24.9276504516602,-17.5481395721436,-2.19092916004435,-0.96,-0,-2.80179571709663,0,-0.299160175541846,0,-42.4757900238037,0,0,-0.562804917282631,-2.60398983478271,-1.47496614216584,4.55
3zso,-7.74301437255246,-7.74301437255246,-44.5817909240723,-14.2898025512695,-2.69791104561481,-0.850694798928063,-0,-0.273628284545292,0.540138962188284,-0.0883592767585349,0,-58.8715934753418,0,0,-0.175977599376192,-1.61845891677394,-0.621262224228759,5.12
1nc3,-10.2054069524187,-10.2054069524187,-18.9286422729492,-22.3294429779053,-2.08809802030723,-1.17703283298515,-0,-2.85463684067278,0.34949339464808,-0.13928409276838,0,-41.2580852508545,0,0,-0.537126681706248,-2.5872898544815,-1.43326972163077,5
4agn,-6.68821963723613,-6.68821963723613,-30.9582958221436,-9.21907234191895,-3.55967943715815,-0.32,-0,-0.386302568181817,0.508538010498853,0,0,-40.1773681640625,0,0,-0.278675818218172,-1.60079786159173,-0.8038401573089,3.97
3pww,-10.4311645029755,-10.4311645029755,-54.5698318481445,-26.2755374908447,-2.28491855065044,-1.39307187728977,-0,-0.27021319316416,0.404566203405046,-0.217704869242263,0,-80.8453693389893,0,0,-0.21288090822399,-2.1323687027106,-0.778996322008353,7.32
4ea2,-7.63646254796173,-7.63646254796173,-30.8768405914307,-5.1979718208313,-5.16153509172096,0,-0,-1.51018697937294,1.36246363624728,-0.00366631041887806,0,-36.074812412262,0,0,-0.318185939498405,-1.82775590216026,-0.917807068066589,6.44
3l7b,-8.93627138908521,-8.93627138908521,-28.8347415924072,-19.5873947143555,-1.90527221050531,-0.584296922153769,-0,-2.44123534714499,0.474452497450775,-0.100073119958243,0,-48.4221363067627,0,0,-0.470330073109748,-2.26553673064393,-1.25502954129778,2.4
2yki,-12.6835296829819,-12.6835296829819,-55.2955322265625,-6.82194948196411,-6.42976487716008,-0.312454219124969,-0,-2.46152708379859,0.408285530724431,-0.1,0,-62.1174817085266,0,0,-0.37304499067594,-2.80214746792789,-1.20852095278066,9.46
2zcq,-12.3476579841584,-12.3476579841584,-28.664134979248,-43.1694107055664,-2.91215862072886,-0.16,-2.875,-1.48857904545454,0.921286430987419,-0.4,0,-71.8335456848145,0,0,-0.493906319366335,-2.92676497169578,-1.44419083729304,8.82
1qf1,-10.8623086339984,-10.8623086339984,-30.8974266052246,-26.7736930847168,-1.96966968349697,-1.17818740928771,-2.22354542942574,-0.945166166666666,1.35283711156788,-0.353705726427927,0,-57.6711196899414,0,0,-0.41778110130763,-2.55097754055279,-1.2376748687346,7.32
3ehy,-8.54596748646382,-8.54596748646382,-23.7284507751465,-12.3971529006958,-1.82641625280863,0,-2.3,-2.02314559090909,0.794323119399327,-0.144733288283733,0,-36.1256036758423,0,0,-0.502703969791989,-2.22945260787929,-1.29259346185622,5.85
4ih5,-3.79484474115724,-3.79484474115724,-24.3692989349365,7.33852767944336,-2.17426571552745,0,-0,-2.46535122628292,0.995839883475908,-0.0333818879924569,0,-17.0307712554932,0,0,-0.223226161244544,-0.989990485930436,-0.573977318419335,4.11
1ps3,-7.09932894021701,-7.09932894021701,6.31567764282227,-22.2415161132812,-0.892252326252187,-0.143226835852326,-1.31155738162525,-1.82597263636364,0.317639027211397,-0.223515252483927,0,-15.925838470459,0,0,-0.443708058763563,-1.88181894791917,-1.11807424545509,2.28
2qbp,-8.23385887477273,-8.23385887477273,-44.1187896728516,-21.3646564483643,-2.12611047562862,-0.87402524358212,-0,-0.035334114280471,0.333474316532938,-0.121225406917242,0,-65.4834461212158,0,0,-0.222536726345209,-1.78573096089903,-0.741541741428712,8.4
2cbv,-7.29709172038609,-7.29709172038609,5.49232006072998,-34.7757415771484,-0.265271964153043,-0.370356812097888,-0,-2.737793,0,-0.19828594717166,0,-29.2834215164185,0,0,-0.608090976698841,-2.09391310979019,-1.39218080243751,5.48
3gc5,-11.6738117632052,-11.6738117632052,-27.9505100250244,-25.9836349487305,-2.08918366095314,-1.32,-0,-2.77697945454545,0.165978898016984,-0.358556802162814,0,-53.9341449737549,0,0,-0.583690588160261,-2.92157005624954,-1.58438001356073,7.26
4dld,-8.19336820719179,-8.19336820719179,-12.5053443908691,-25.4240016937256,-1.04193745010007,-0.984756571770707,-0,-1.78668513636364,0.522760734750525,-0.463882310105602,0,-37.9293460845947,0,0,-0.390160390818657,-2.0257937329688,-1.0764229338035,5.82
4ogj,-5.64845120825819,-5.64845120825819,-34.3602485656738,-6.06038808822632,-2.36526487963015,-0.733244190326239,-0,-0.575916846129396,0.670384714381753,-0.0173393650365233,0,-40.4206366539001,0,0,-0.152660843466438,-1.22501664858722,-0.508699797877275,6.79
4twp,-6.93561070398852,-6.93561070398852,-31.3966064453125,-1.76329791545868,-4.00614278589125,-0.33325254879617,-0,-1.2966052166825,0.651573165490425,-0.116858308524594,0,-33.1599043607712,0,0,-0.247700382285304,-1.60094258885946,-0.752164248341485,10
3udh,-8.35165025311968,-8.35165025311968,-21.9126567840576,-15.5379447937012,-1.10532761675657,-0.72,-0,-2.99999807810505,0,-0.1,0,-37.4506015777588,0,0,-0.596546446651406,-2.29500375966945,-1.43776180235333,2.85
3jvr,-5.03880428979686,-5.03880428979686,-31.5237159729004,-2.35220956802368,-2.36524676907845,-0.107662757938198,-0,-1.06624984666939,0.4661959848711,-0.0368236671333519,0,-33.8759255409241,0,0,-0.219078447382472,-1.21842856662411,-0.623029961856992,5.72
5tmn,-6.41428815940796,-6.41428815940796,-38.8237762451172,-13.2786617279053,-2.21463599357772,-0.653419500637659,-0,-0.41942509090909,1.09112814245129,-0.284947645293131,0,-52.1024379730225,0,0,-0.200446504981499,-1.43633396578302,-0.636377985006787,8.04
3g2n,-8.11674650455458,-8.11674650455458,-28.8128700256348,-19.7187671661377,-2.1366545828097,-0.247714748068629,-0,-1.96574760811297,0.631829010639113,0,0,-48.5316371917725,0,0,-0.405837325227729,-2.03135394187338,-1.10161198396986,4.09
3ui7,-7.68768370762851,-7.68768370762851,-31.8276672363281,-1.22019565105438,-3.73260441673127,-0.32,-0,-2.21274990847804,0.352083327055362,0,0,-33.0478628873825,0,0,-0.320320154484521,-1.84001547605438,-0.923963209353405,9
2p4y,-11.888020010666,-11.888020010666,-57.5806655883789,-6.56099987030029,-6.54612671152616,-0.147633161153063,-0,-1.61748482797226,0.286407949949488,0,0,-64.1416654586792,0,0,-0.29720050026665,-2.53536481946356,-1.0164114123427,9
4ivc,-9.84129511987517,-9.84129511987517,-42.71240234375,-9.65442943572998,-2.77080340151906,-0.645997230750123,-0,-3.21647198267016,0.375762027611172,0,0,-52.36683177948,0,0,-0.410053963328132,-2.35547350979334,-1.1828003035727,10
3uew,-0.872483066708481,-0.872483066708481,-23.7022171020508,0.262178957462311,-3.54772695167598,-0.0752816497780091,-0,-2.56761722727273,6.47726764671289,-0.0133408732114605,0,-23.4400381445885,0,0,-0.0484712814838045,-0.224267273413557,-0.127030693692569,6.31
2x00,-10.4128451190262,-10.4128451190262,-45.237979888916,-10.4402780532837,-4.02042769496686,0,-0,-2.60464336501156,0.0785468667751684,-0.0383802233845932,0,-55.6782579421997,0,0,-0.281428246460168,-2.25830199459238,-0.937781351396223,11.33
4e6q,-9.9690468268722,-9.9690468268722,-42.5088539123535,-7.66533946990967,-3.45354242966406,-0.544777926794922,-0,-3.05333517456908,0.357921200954463,-6.88806944758964e-05,0,-50.1741933822632,0,0,-0.398761873074888,-2.36296284619461,-1.1659867889429,8.36
4ddh,-8.15615229584372,-8.15615229584372,-23.8936252593994,-16.022518157959,-2.14035564433061,-0.734385521896592,-0,-2.01009027272727,0.391247037381215,-0.0645089076066425,0,-39.9161434173584,0,0,-0.543743486389581,-2.19957979355817,-1.34098675026204,3.3
4kz6,-6.68355849458638,-6.68355849458638,-13.8254070281982,-16.0772094726562,-1.31581053434826,-0.871336901845208,-0,-2.35976369853536,0.966204412450802,0,0,-29.9026165008545,0,0,-0.445570566305759,-1.80244552584528,-1.09887150959759,3.1
4agp,-6.62286040770656,-6.62286040770656,-39.6823310852051,-5.5905590057373,-4.25702237296036,0,-0,0,0.456862370374651,0,0,-45.2728900909424,0,0,-0.220762013590219,-1.50478604647478,-0.685958903929661,4.69
3cj4,-7.58839114558699,-7.58839114558699,-22.7382907867432,-18.1242733001709,-2.53078002917535,-0.645790594383001,-0,-1.15283546108503,0.702140601735535,-0.105570128316351,0,-40.8625640869141,0,0,-0.30353564582348,-1.79867610723623,-0.887543611615455,6.51
3rlr,-8.52978416042701,-8.52978416042701,-36.6650466918945,-8.58541202545166,-2.85523659249085,-0.392067286855723,-0,-2.22047001598141,0.1577934018628,-0.0987395285493496,0,-45.2504587173462,0,0,-0.370860180888131,-2.06257915379784,-1.05467702146722,7.52
2qnq,-8.75376593862986,-8.75376593862986,-48.6849212646484,-18.1768093109131,-3.14046631868086,-0.434728347782406,-0,-0.157293571274802,0.390629199693344,-0.251139440715756,0,-66.8617305755615,0,0,-0.213506486308045,-1.85714057507779,-0.73621674610961,6.11
3gbb,-9.032948770994,-9.032948770994,-18.6793212890625,-22.6877098083496,-0.900798516824966,-1.14128863734029,-0,-2.76996997369629,0.370743752826441,-0.254512860253337,0,-41.3670310974121,0,0,-0.501830487277445,-2.32187290396094,-1.31516792961691,6.9
1gpk,-9.15587881169906,-9.15587881169906,-25.4265403747559,-15.1005611419678,-2.95187014584031,-0.32,-0,-2.34759747582579,0,0,0,-40.5271015167236,0,0,-0.508659933983281,-2.353471437046,-1.3330661432812,5.37
4wiv,-6.1745558254317,-6.1745558254317,-31.7823677062988,-2.79677653312683,-3.16669109650834,0,-0,-1.43557161879403,0.43634175515463,0,0,-34.5791442394257,0,0,-0.228687252793767,-1.43733480065197,-0.686061757627585,6.26
3oe5,-6.15442823662418,-6.15442823662418,-27.3523082733154,11.8780794143677,-3.5482790685524,-0.32,-2.3,-1.09475822727273,0.694512560711566,0,0,-15.4742288589478,0,0,-0.198529943116909,-1.38801217793293,-0.623658121513944,6.88
1r5y,-10.2975411132882,-10.2975411132882,-19.2335662841797,-19.1621513366699,-1.42621734937279,-1.76,-0,-3.00289554545455,0,-0.272427203751409,0,-38.3957176208496,0,0,-0.792118547176016,-2.88855186448446,-1.8625358151695,6.46
2c3i,-7.29285060659789,-7.29285060659789,-36.9359893798828,-3.51493287086487,-3.05521005173112,-0.108738924496489,-0,-2.54205081378953,0.787188583043115,0,0,-40.4509222507477,0,0,-0.31708046115643,-1.7634774045886,-0.901734652496417,7.6
4f2w,-12.2722836384088,-12.2722836384088,-37.1250190734863,-21.0849456787109,-3.43997759193215,-1.0302579642332,-0,-3.2513313525827,0.633025013934317,-0.164748938114068,0,-58.2099647521973,0,0,-0.613614181920438,-3.07134782768947,-1.66560514353407,11.3
1e66,-10.6953850669177,-10.6953850669177,-37.5557899475098,-4.39623689651489,-4.39745666748983,0,-0,-3.7607033675751,0,0,0,-41.9520268440247,0,0,-0.509304050805603,-2.64441234573491,-1.40513125747043,9.89
4gkm,-8.24399491798285,-8.24399491798285,-23.2661876678467,-15.0094718933105,-2.47006611692177,-0.719162637093078,-0,-1.94828086363636,0.492849017765047,-0.184604150707773,0,-38.2756595611572,0,0,-0.412199745899143,-2.06320002282091,-1.11888225070729,5.17
3u5j,-7.54325196332568,-7.54325196332568,-34.5188407897949,-2.43352293968201,-3.0093007135484,0,-0,-2.62762588410233,0.194117752641936,-0.00947263787483827,0,-36.9523637294769,0,0,-0.342875089242077,-1.84384592663747,-0.960749484568369,5.61
3nq9,-1.84058395249007,-1.84058395249007,-11.4553079605103,-0.49721747636795,-1.36837805853161,0,-0,-2.63871875926089,2.81386088478313,0,0,-11.9525254368782,0,0,-0.184058395249007,-0.557316132866525,-0.396541791411704,4.03
3e92,-10.5166442052859,-10.5166442052859,-47.6699256896973,-10.6780996322632,-4.79236370744332,-0.456,-0,-1.98047996748947,0.788110895688465,-0.0907001967172342,0,-58.3480253219604,0,0,-0.404486315587919,-2.46979938368716,-1.19828911835241,8
3arv,-4.80390828848213,-4.80390828848213,-27.1949253082275,0.190729528665543,-2.02868535338842,0,-0,-1.44408609898216,0,0,0,-27.004195779562,0,0,-0.192156331539285,-1.13867022588469,-0.56186852132792,5.64
3b65,-10.8133385528476,-10.8133385528476,-53.1719665527344,-8.3529052734375,-4.95282225787554,-0.0347655195397249,-0,-2.51486824819657,0.600651591416614,0,0,-61.5248718261719,0,0,-0.432533542113903,-2.5630852866321,-1.26473574815608,9.27
3d4z,-8.3929943256377,-8.3929943256377,13.2054004669189,-31.7240505218506,-0.890941681744022,-0.455653500350719,-1.96964766283437,-2.03727395454546,0.404281425655311,-0.104028975164396,0,-18.5186500549316,0,0,-0.599499594688407,-2.30636496362234,-1.44487930924341,4.89
2hb1,-8.10155071233915,-8.10155071233915,-22.6575298309326,-25.155933380127,-0.838213834282658,-0.859252050995838,-0,-1.87449777272727,0.460315967720482,-0.0836365234881949,0,-47.8134632110596,0,0,-0.578682193738511,-2.22627729615782,-1.39470641142792,3.8
3uo4,-8.25999451658701,-8.25999451658701,-30.5541801452637,-8.99411869049072,-2.62452315966794,-1.02112284225229,-0,-2.13225312217513,0.467018109425308,-0.0722866910801612,0,-39.5482988357544,0,0,-0.28482739712369,-1.89132928890979,-0.8750800036172,6.52
4ciw,-8.46736262562327,-8.46736262562327,-10.7036476135254,-28.3638172149658,-1.74734320042627,-0.64,-0,-2.25607811138403,0.711241066863297,0,0,-39.0674648284912,0,0,-0.564490841708218,-2.28350808818779,-1.3921541284131,4.82
3gv9,-6.71821450836247,-6.71821450836247,-15.1638422012329,-16.3023929595947,-0.844692836365206,-0.962379790949278,-0,-2.15322654545455,0.468034510101122,-0.0223987916937064,0,-31.4662351608276,0,0,-0.559851209030206,-1.92780329102106,-1.28173930431349,2.12
4jsz,-3.2324890192443,-3.2324890192443,-18.022045135498,1.51519072055817,-0.241838619367849,0,-0,-2.315058521885,0,-0.00176822930027731,0,-16.5068544149399,0,0,-0.32324890192443,-0.978775392071368,-0.696418647286185,2.3
1h22,-12.8660347154007,-12.8660347154007,-46.5042381286621,-22.6538867950439,-4.91461752318809,-0.608,-0,-2.58810207881314,1.011168632603,-0.0431888203127846,0,-69.1581249237061,0,0,-0.37841278574708,-2.84246794868196,-1.22591052501953,9.1
1ydr,-8.56975824705968,-8.56975824705968,-28.8126087188721,-8.69411754608154,-2.78865989545887,-0.32,-0,-3.10490111019399,0.427117853086163,-0.0385670266371539,0,-37.5067262649536,0,0,-0.428487912352984,-2.14472783969516,-1.16309513662747,5.52
3f3d,-5.98687728748485,-5.98687728748485,-17.466495513916,-15.8047666549683,-1.27967458698424,-0.32,-0,-2.3647797697079,1.31771592878721,-0.0960990856388774,0,-33.2712621688843,0,0,-0.665208587498317,-1.87252322840357,-1.38368962079703,7.16
2wtv,-9.52770982482883,-9.52770982482883,-49.093090057373,-6.12514925003052,-3.62152057928862,-0.603485630871475,-0,-2.06523655592605,0.187758521576964,-0.0517986899464273,0,-55.2182393074036,0,0,-0.280226759553789,-2.10493834351314,-0.907825916217096,8.74
2xdl,-6.33973611747668,-6.33973611747668,-31.3032283782959,-5.21012210845947,-2.19310305266793,-0.32,-0,-2.15885356747998,0.678900237854941,0,0,-36.5133504867554,0,0,-0.396233507342293,-1.68047369704079,-0.998445872225699,3.1
4ivb,-9.8080848292209,-9.8080848292209,-42.5232048034668,-8.40266513824463,-2.74699651723599,-0.694488471172958,-0,-3.25087845882892,0.270838628927,0,0,-50.9258699417114,0,0,-0.426438470835691,-2.37168384650183,-1.21273428488051,8.72
3kr8,-12.7689077186625,-12.7689077186625,-41.6447257995605,-14.8393678665161,-4.03547920701857,-0.864,-0,-3.69447088948171,0.133183847793235,0,0,-56.4840936660767,0,0,-0.608043224698214,-3.15708663143178,-1.6775451512022,8.1
1p1q,-7.15804214763123,-7.15804214763123,5.13255643844604,-18.7361888885498,-0.40567555202902,-1.12451374828289,-0,-3.47165436363636,0.649633713114175,-0.252031685436958,0,-13.6036324501038,0,0,-0.550618626740864,-2.00789448317106,-1.29468867565402,4.89
3o9i,-11.0456268472737,-11.0456268472737,-56.5670394897461,-18.3804683685303,-3.66454555821917,-1.24437562675289,-0,-0.882863234518122,0.422364891104198,-0.0907850891208839,0,-74.9475078582764,0,0,-0.262991115411279,-2.33144725935447,-0.914164123399065,11.82
3bv9,-7.61370959074417,-7.61370959074417,-41.3753623962402,-10.4519157409668,-3.56419032769711,-0.4,-0,-0.459856961503973,0.642440108907178,-0.19554692949323,0,-51.827278137207,0,0,-0.161993821079663,-1.56978925508571,-0.584607525583335,5.36
4gr0,-13.430348381776,-13.430348381776,-53.6303253173828,-28.7106113433838,-5.46726491574558,-1.30360903838955,-0,-0.178353594755792,0.346514878620615,-0.146119445636546,0,-82.3409366607666,0,0,-0.305235190494909,-2.80723579319671,-1.07758654528737,9.55
3ag9,-11.9324031215635,-11.9324031215635,-53.7709846496582,-22.3846054077148,-1.77157328040191,-1.72369342888516,-0,-2.62181551758905,0.481242759908801,-0.25032361095601,0,-76.155590057373,0,0,-0.178095568978559,-2.29262398265505,-0.723343718868847,8.05
4k77,-8.29260741069425,-8.29260741069425,-35.1804847717285,-7.59714412689209,-2.21830387012823,-0.608,-0,-2.975516780681,0.407809097735225,0,0,-42.7776288986206,0,0,-0.460700411705236,-2.13157197480241,-1.20737663812174,6.63
1o5b,-7.43789699279022,-7.43789699279022,-23.9921283721924,-8.31465435028076,-2.51265483522592,-0.4,-0,-1.87220211363636,0,-0.206235472776205,0,-32.3067827224731,0,0,-0.572145922522324,-2.08639625615508,-1.34530655291452,5.77
3p5o,-7.19563321433376,-7.19563321433376,-38.5603103637695,-2.83776783943176,-3.14155362425941,0,-0,-2.1416881783868,0.441289282415692,0,0,-41.3980782032013,0,0,-0.239854440477792,-1.63492626900006,-0.745283513305018,7.26
3tsk,-10.5694512356993,-10.5694512356993,-56.7011222839355,-15.970157623291,-5.2401000795896,-0.777586877898387,-0,-0.124172010449854,0.833590404144836,-0.0306029142158325,0,-72.6712799072266,0,0,-0.264236280892482,-2.25415290350999,-0.903675368019719,7.17
4jfs,-3.89046285722994,-3.89046285722994,-8.52934265136719,-1.16248977184296,-1.32510049328014,-0.190406325974578,-0,-2.02596575757576,0.3039004525778,-0.0520501346324596,0,-9.69183242321014,0,0,-0.228850756307644,-1.01493512310305,-0.588439736146333,5.27
2yfe,-7.85206691896785,-7.85206691896785,-38.7815322875977,-2.57847929000854,-5.05862426643599,-0.16,-0,-1.1289910073909,0.821396862740209,0,0,-41.3600115776062,0,0,-0.314082676758714,-1.86117516725279,-0.91838331712247,6.63
2qe4,-9.65985774942917,-9.65985774942917,-23.8950481414795,-11.2189884185791,-4.46557211728538,-0.597695906983358,-0,-1.96545618296664,0.246467127667038,0,0,-35.1140365600586,0,0,-0.402494072892882,-2.31204722142718,-1.16099380613218,7.96
2wn9,-8.56290007832062,-8.56290007832062,-28.0610008239746,-12.4717674255371,-1.9400668037925,-0.233375729088403,-0,-3.52037444808271,0.419626417771784,-0.0148943600994913,0,-40.5327682495117,0,0,-0.389222730832756,-2.0930851185109,-1.09061739905476,8.52
1eby,-13.395119524583,-13.395119524583,-64.7898406982422,-22.1095237731934,-5.81259597945176,-1.43266206690216,-0,0,0.495917708533335,-0.0898585858713473,0,-86.8993644714355,0,0,-0.27906499009548,-2.74985973573825,-1.01418947917328,9.7
4hge,-9.35981551325275,-9.35981551325275,-44.2820205688477,-7.06401252746582,-3.05157635818752,-0.32,-0,-3.32807293253326,0.613536685030292,0,0,-51.3460330963135,0,0,-0.37439262053011,-2.2185567676776,-1.09473066231144,7.92
1q8u,-8.89592342944942,-8.89592342944942,-36.6476097106934,-8.45674419403076,-2.88775935354145,-0.32,-0,-2.90839571679014,0.363720140000954,-0.0425963844794995,0,-45.1043539047241,0,0,-0.404360155884064,-2.17448817284866,-1.13303305936967,5.96
4w9h,-10.5365194101419,-10.5365194101419,-22.2193698883057,-25.7723331451416,-3.44671129014489,-1.28,-0,-1.49775760201448,0.724283953125814,-0.0595160049217797,0,-47.9917030334473,0,0,-0.319288466973996,-2.34326736163777,-1.02412871779721,6.73
3ao4,-6.76888188351557,-6.76888188351557,-26.2066478729248,-3.78029346466064,-2.38095432076866,-0.14352539661741,-0,-2.60581643309892,0.35554325400213,-0.116752573687365,0,-29.9869413375854,0,0,-0.423055117719723,-1.79422735471066,-1.06603209517644,2.07
2vvn,-5.7928221781055,-5.7928221781055,-19.6927738189697,-9.13600444793701,-1.44224493210656,-0.0997520792436896,-0,-2.29239512116503,0.396609312548815,0,0,-28.8287782669067,0,0,-0.362051386131594,-1.53550323255653,-0.912312324218468,7.3
3wz8,-5.78723985705496,-5.78723985705496,-39.6796875,-13.3460683822632,-1.56380578961883,-0.583498481867725,-0,-0.380650957821868,0.871185622555499,-0.144575617962553,0,-53.0257558822632,0,0,-0.175370904759241,-1.28705217948472,-0.56250819684209,5.82
4j28,-6.6814491797298,-6.6814491797298,-10.8738460540771,-18.8643684387207,-1.23601013250249,-0.349679516461774,-0,-1.95343253030303,0.312851557430664,-0.0818309893812067,0,-29.7382144927979,0,0,-0.393026422337047,-1.74304130243365,-1.01058160344312,5.7
4dli,-8.08878436970225,-8.08878436970225,-36.7986869812012,-3.61738204956055,-4.27212166526857,-0.16,-0,-1.89904932022608,0.702315065658767,-0.0773867933722291,0,-40.4160690307617,0,0,-0.38518020808106,-1.99993559048105,-1.06268298725989,5.62
3ryj,-3.79887783503966,-3.79887783503966,-13.7084131240845,-5.77569198608398,-1.14366858655505,0,-0,-1.48472339318182,0.681288598814028,-0.3,0,-19.4841051101685,0,0,-0.211048768613315,-0.976481958910277,-0.553104243568837,7.8
3gr2,-2.9584513311106,-2.9584513311106,-11.0881853103638,-1.00217592716217,-0.459214341260695,0,-0,-2.13194992256018,0.43256099430406,-0.0951124070012773,0,-12.0903612375259,0,0,-0.211317952222186,-0.812971894406342,-0.509306327381623,2.52
3acw,-9.37240113935372,-9.37240113935372,-40.7047882080078,-5.84897041320801,-4.2678182079558,0,-0,-2.58134917526246,0.459431106656606,-0.0700798904104709,0,-46.5537586212158,0,0,-0.446304816159701,-2.31730724298547,-1.23132114608874,4.76
3zt2,-8.08385878530819,-8.08385878530819,-29.1057281494141,-11.6634950637817,-2.69660166030172,-0.495506915425385,-0,-1.79638312465496,0.195770069062863,-0.0863264869510271,0,-40.7692232131958,0,0,-0.351472121100356,-1.95475035466636,-0.99953995849101,2.84
4cig,-7.89363880036066,-7.89363880036066,-37.2589111328125,-15.6058168411255,-3.22400812678022,-1.0049164563455,-0,-0.00975272727272664,0.656773499692576,-0.107916906845341,0,-52.864727973938,0,0,-0.213341589198937,-1.71194520264923,-0.710901504537902,3.67
3wtj,-7.17675315644355,-7.17675315644355,-28.2949504852295,-6.77608728408813,-3.04696496959836,-0.304347626165012,-0,-2.21880899002935,0.824529046223872,0,0,-35.0710377693176,0,0,-0.448547072277722,-1.90234178301384,-1.13026779541825,6.53
2qbr,-6.8408372886509,-6.8408372886509,-37.452823638916,-19.5353984832764,-1.32491366039843,-0.863461302590718,-0,-0.312356257575757,0.569977479628097,-0.107132593276837,0,-56.9882221221924,0,0,-0.244315617451818,-1.57906610193115,-0.741886108787144,6.33
1o3f,-7.55380641098179,-7.55380641098179,9.65675354003906,-18.2726783752441,-2.74458846092931,-0.800782020597764,-0,-1.83263149252562,0.243821276374402,-0.161561634018823,0,-8.61592483520508,0,0,-0.302152256439271,-1.79047848871394,-0.883498556521515,7.96