name,Gold.ASP.Fitness,Gold.ASP.ASP,Gold.ASP.Map,Gold.ASP.DEClash,Gold.ASP.DEInternal,affinity
2br6,4.6901,12.8720,-64.3600,8.1819,0.0000,2.96
2adu,30.4280,36.2840,-181.4200,5.8489,0.0070,7.74
1g3b,29.2721,35.0920,-175.4600,2.9988,2.8212,5.74
1vyq,34.1312,37.1600,-185.8000,0.1045,2.9243,5.3
1wkm,20.2503,25.9260,-129.6300,4.6212,1.0545,0.82
1w6y,25.9451,27.3560,-136.7800,1.4109,0.0000,5.36
1byk,44.7472,48.6380,-243.1900,2.1305,1.7603,5
1oko,26.1447,26.2400,-131.2000,0.0280,0.0673,4.54
2hdr,13.9446,15.4920,-77.4600,1.5474,0.0000,1.72
1f2o,19.7204,24.8200,-124.1000,4.1733,0.9263,1.91
1gi8,26.3771,29.5500,-147.7500,1.1601,2.0128,5.05
2fwp,18.9530,22.9300,-114.6500,3.2251,0.7519,2.92
1ulg,22.0242,23.4360,-117.1800,-0.0000,1.4118,4.21
1w8l,17.3028,18.1440,-90.7200,0.8387,0.0025,0.49
1v2q,25.0995,29.6880,-148.4400,1.2772,3.3114,4.13
1rle,35.4857,38.9920,-194.9600,0.4934,3.0128,5.8
1tnl,10.0187,13.7140,-68.5700,3.4695,0.2259,1.88
1w1d,24.0093,31.8740,-159.3700,1.3785,6.4862,6.52
1yid,32.1338,42.2460,-211.2300,6.9236,3.1885,5
1tnj,12.5246,14.6020,-73.0100,1.7419,0.3355,1.96
1fj4,12.4254,14.2100,-71.0500,1.5401,0.2445,4.59
6tim,21.8544,27.0680,-135.3400,3.4707,1.7429,3.21
2fzz,53.3894,63.2300,-316.1500,3.5689,6.2717,10.52
1jn2,1.8615,9.8360,-49.1800,1.1279,6.8466,4.09
1fdq,3.3467,15.4160,-77.0800,10.5532,1.5161,7.27
1fwv,13.9171,23.3580,-116.7900,7.3993,2.0417,3.72
1n1t,35.5908,39.9620,-199.8100,2.4354,1.9358,3.85
2i0g,34.2799,36.6120,-183.0600,1.7100,0.6220,9.72
1rgk,24.6906,30.8060,-154.0300,4.1600,1.9554,4.31
1d5r,17.3365,22.4040,-112.0200,3.8525,1.2150,1.82
9abp,31.5594,31.9200,-159.6000,0.3286,0.0320,8
1oai,23.0107,34.3100,-171.5500,1.2380,10.0613,5
1fwu,11.7307,27.0760,-135.3800,2.6485,12.6968,3.7
1hqg,12.5121,12.5660,-62.8300,-0.0000,0.0539,3
8abp,32.2414,32.4280,-162.1400,0.1123,0.0743,8
1mmp,32.3270,38.9140,-194.5700,5.8832,0.7038,6.07
2ivu,35.0306,38.8060,-194.0300,1.3130,2.4625,6.43
1vja,49.9916,57.4400,-287.2000,3.8941,3.5543,7.7
2f8i,6.2016,11.5240,-57.6200,3.8853,1.4370,7.26
830c,48.3453,61.2660,-306.3300,9.5686,3.3522,9.28
1af6,38.1646,40.9540,-204.7700,1.1368,1.6526,1.82
1q63,36.4167,40.1960,-200.9800,3.4232,0.3561,5.85
1w7x,46.7096,52.3560,-261.7800,2.1985,3.4480,8.4
1mhw,39.7605,47.6520,-238.2600,2.7971,5.0944,7.35
1jd5,36.9381,50.6940,-253.4700,3.1241,10.6318,6.62
1uxb,13.2312,16.4820,-82.4100,0.2946,2.9562,2.15
1icj,11.6279,22.0660,-110.3300,2.0054,8.4327,2.22
1obx,20.9656,26.5400,-132.7000,0.1461,5.4283,5.72
1o3k,35.6254,35.7920,-178.9600,0.1214,0.0451,6.77
2bsu,62.1534,95.5020,-477.5100,17.0387,16.3098,5.66
1agm,64.1231,68.4740,-342.3700,0.2285,4.1224,12
1gny,37.5467,40.8500,-204.2500,0.0106,3.2926,4.14
1we2,9.2524,18.5680,-92.8400,8.9054,0.4102,4.36
1z3t,38.2026,39.2380,-196.1900,0.0000,1.0354,3.94
1heg,17.8630,40.0640,-200.3200,3.9230,18.2781,7.74
1o2g,31.8866,38.7080,-193.5400,3.0856,3.7358,6.12
1m9n,53.3827,60.2380,-301.1900,5.6217,1.2336,6.92
1o2x,31.9958,38.7020,-193.5100,3.3898,3.3164,5.85
1o0o,22.0118,25.0820,-125.4100,0.1334,2.9368,5.1
7abp,28.4070,28.6500,-143.2500,0.2430,0.0000,6.46
1f2p,24.9120,29.4840,-147.4200,4.3716,0.2004,1.9
1gjb,32.6282,37.1480,-185.7400,0.1233,4.3965,6.35
1ykp,15.4853,22.6000,-113.0000,7.1145,0.0002,2.96
1joc,29.2404,32.8260,-164.1300,0.4908,3.0947,4.62
1dqx,36.3916,43.4600,-217.3000,6.6201,0.4483,11.05
1a7x,67.5251,72.3920,-361.9600,2.1807,2.6862,9.7
2hs2,36.3488,44.4240,-222.1200,4.6864,3.3888,8.31
1f8a,42.1990,54.1860,-270.9300,0.9458,11.0412,5
2f5t,39.5913,41.2360,-206.1800,0.0247,1.6199,5.17
1ofz,21.5816,21.5820,-107.9100,0.0004,0.0000,4.62
1af2,41.8202,45.6800,-228.4000,2.7408,1.1189,3.1
1qq9,19.8933,25.3740,-126.8700,4.6447,0.8360,2.06
1lrt,46.5174,50.7620,-253.8100,2.5440,1.7005,5.64
1m13,33.6123,45.4120,-227.0600,5.7770,6.0226,7.57
1pr1,31.9809,33.3440,-166.7200,0.5065,0.8566,5.3
2er6,55.6689,69.8820,-349.4100,4.4769,9.7361,7.22
1q95,49.1572,52.2580,-261.2900,1.1343,1.9665,7.57
1h9z,26.7354,28.8840,-144.4200,0.7086,1.4400,5.42
1jqe,60.4748,62.5720,-312.8600,1.0721,1.0251,6.44
1a42,38.2068,41.9160,-209.5800,1.8465,1.8627,9.89
1g3c,25.9459,34.3980,-171.9900,5.3375,3.1146,5.8
1axz,19.1593,19.3480,-96.7400,0.1695,0.0192,3.2
1r0x,56.1553,63.2140,-316.0700,3.6221,3.4365,3.83
1pu8,42.4594,43.4060,-217.0300,0.9466,0.0000,3.1
1pbk,48.4749,52.3880,-261.9400,1.5190,2.3941,9.05
2adm,28.1071,33.3600,-166.8000,3.3421,1.9108,5.7
1z4n,33.2968,35.9280,-179.6400,0.2901,2.3411,4.52
1rdi,13.3242,17.6160,-88.0800,4.2113,0.0805,2.06
1qpb,6.9734,8.3360,-41.6800,1.3626,0.0000,1.36
2dua,12.5115,16.8720,-84.3600,4.2689,0.0915,4.77
1tsl,15.6534,22.5980,-112.9900,4.2904,2.6542,6.15
1gi6,30.5819,33.6540,-168.2700,1.1011,1.9711,6.22
1caq,56.8686,64.8120,-324.0600,3.8027,4.1407,7.72
1urg,46.5754,48.3200,-241.6000,0.2587,1.4859,5.82
1xzx,41.1675,43.9500,-219.7500,1.2346,1.5478,10.22
3tlh,16.5161,23.0780,-115.3900,2.8305,3.7313,8.82
1tnk,12.4015,14.2780,-71.3900,1.5901,0.2864,1.49
1utc,32.5651,45.3140,-226.5700,0.6825,12.0664,4.55
1o9d,36.4702,43.8480,-219.2400,0.8056,6.5722,5.6
220l,16.1859,16.2760,-81.3800,0.0901,0.0000,3.4
1o8b,28.2829,30.1540,-150.7700,1.7133,0.1578,2.68
1vjc,32.9140,38.6380,-193.1900,2.2143,3.5098,3.58
5abp,31.7819,31.8700,-159.3500,0.0048,0.0833,6.64
1sri,28.3802,44.0520,-220.2600,13.5153,2.1565,6.08
1sts,39.1636,52.9600,-264.8000,0.0000,13.7964,5
1rgl,22.6109,27.2120,-136.0600,3.7952,0.8059,4.43
2fkf,27.9709,29.0880,-145.4400,0.0777,1.0395,2.92
1awi,51.8581,78.4700,-392.3500,2.4111,24.2008,4.05
1zsr,39.1593,58.7080,-293.5400,10.4258,9.1229,9.82
2g00,51.3636,62.7580,-313.7900,5.6550,5.7394,9.74
1ga8,23.9840,24.9020,-124.5100,0.0605,0.8575,1.8
1ws5,24.8043,26.5960,-132.9800,1.7640,0.0278,3.03
1rej,40.3872,42.3900,-211.9500,1.2560,0.7468,8.3
3pcb,19.3226,22.9260,-114.6300,3.6031,0.0002,2.4
1me8,39.3798,40.2160,-201.0800,0.1201,0.7162,7.19
1b6m,43.6123,50.9720,-254.8600,1.8419,5.5178,8.4
1gz9,31.3109,32.4740,-162.3700,0.0383,1.1249,3.51
5tln,42.6181,50.9480,-254.7400,6.0871,2.2429,6.37
1sgx,29.1173,30.6500,-153.2500,0.2715,1.2613,5.8
1owd,31.7093,34.6520,-173.2600,0.1096,2.8331,8.2
2a31,16.9008,19.2080,-96.0400,1.3703,0.9369,1.01
1w1g,24.1525,32.0480,-160.2400,1.4274,6.4681,7.68
1f9g,16.2937,16.8220,-84.1100,0.0000,0.5283,1.28
2ff1,55.3445,56.8800,-284.4000,1.3599,0.1755,8.21
1rbo,38.1456,42.9540,-214.7700,2.0783,2.7300,12.72
1b11,27.0691,30.9240,-154.6200,0.1539,3.7011,7.39
1c4v,40.4046,53.7900,-268.9500,7.7739,5.6115,10.8
1gzc,21.8129,22.9080,-114.5400,0.3145,0.7806,3.49
2c4v,25.3377,31.6520,-158.2600,5.1320,1.1824,2.6
1sc8,39.3938,47.7680,-238.8400,6.0928,2.2814,7.44
1ow4,31.5684,37.6200,-188.1000,0.8906,5.1610,5.68
1gz3,39.9696,43.4780,-217.3900,0.1819,3.3265,3.7
1cim,32.9270,37.7460,-188.7300,3.6644,1.1546,8.82
1gt1,28.6563,30.4700,-152.3500,1.8137,0.0000,6
1z3v,38.9494,39.9240,-199.6200,0.0310,0.9436,4.11
1x9d,40.8467,43.1840,-215.9200,1.1445,1.1928,3.96
1gi9,25.7557,29.1960,-145.9800,1.1685,2.2718,5.22
1db1,46.3996,47.6480,-238.2400,0.0516,1.1968,9.26
1lox,29.6644,33.4680,-167.3400,2.6752,1.1284,5.52
1njj,7.5830,17.9720,-89.8600,5.9056,4.4834,2.1
1me7,38.9504,41.1820,-205.9100,1.4510,0.7806,7.19
1a0q,42.8424,44.8100,-224.0500,0.0815,1.8861,7.57
1cil,36.6511,38.5980,-192.9900,0.6718,1.2751,9.43
1tvo,30.6337,32.2300,-161.1500,0.0688,1.5275,6.85
1mj7,46.3661,51.1460,-255.7300,1.1775,3.6024,8.35
1jmi,41.1437,42.8480,-214.2400,0.0275,1.6768,6.06
1cin,36.3419,38.8760,-194.3800,1.2989,1.2352,8.73
1sle,38.5905,42.3260,-211.6300,1.1478,2.5877,6.17
1w2g,39.1420,41.2220,-206.1100,1.7688,0.3112,4.57
1pu7,41.6583,41.6960,-208.4800,0.0377,0.0000,3.1
1xbb,21.5668,29.5960,-147.9800,3.2822,4.7470,5.3
1ce5,25.0331,25.5980,-127.9900,0.2386,0.3263,4.74
1gj4,28.9875,39.0680,-195.3400,5.8832,4.1972,4.07
1a1c,33.3564,39.8440,-199.2200,2.4786,4.0090,6.4
11gs,43.6492,53.8080,-269.0400,4.4424,5.7164,5.82
1wvc,41.6579,62.1520,-310.7600,16.0266,4.4675,4.46
1vj9,49.6170,55.4160,-277.0800,2.5663,3.2327,7.55
1w0y,45.1233,48.1980,-240.9900,0.2202,2.8546,6.42
1rdt,41.0586,43.2340,-216.1700,1.5644,0.6110,6.7
1rzx,34.9936,40.7220,-203.6100,0.3086,5.4198,4.1
1meu,45.3460,49.3400,-246.7000,1.3623,2.6317,6.1
1z1r,46.0143,52.2700,-261.3500,1.2668,4.9889,9.22
1hp0,60.6397,64.5600,-322.8000,2.5379,1.3824,6.7
1qi0,33.0622,34.3180,-171.5900,0.3906,0.8652,2.35
1sqn,29.8896,30.0020,-150.0100,0.1124,0.0000,9.4
2ada,48.0473,54.0260,-270.1300,5.2436,0.7351,13
1aj6,22.5042,27.8840,-139.4200,1.2287,4.1512,5.92
1o2k,30.3443,37.1820,-185.9100,4.1072,2.7305,6.92
1zky,27.7547,29.5420,-147.7100,0.0901,1.6972,6.25
2cji,35.3236,42.7100,-213.5500,4.6699,2.7165,8.22
2gh7,41.4759,42.0600,-210.3000,0.1103,0.4738,13
1udt,44.5494,49.7960,-248.9800,1.3059,3.9407,9.3
1q66,35.4498,41.9560,-209.7800,5.4195,1.0868,5.77
1y3g,31.6543,38.2540,-191.2700,1.1393,5.4605,7.4
1lf9,63.5496,68.6140,-343.0700,0.4787,4.5857,12
2fgi,28.1394,36.9820,-184.9100,3.2381,5.6045,7.34
1ux7,23.9962,25.5600,-127.8000,0.0000,1.5638,3
1h1p,27.0551,27.8080,-139.0400,0.0015,0.7514,4.92
1vjd,37.7642,48.8820,-244.4100,8.0046,3.1132,3.54
1rdl,18.0327,19.4720,-97.3600,1.3742,0.0651,2.24
1jwt,25.4355,39.9580,-199.7900,5.4424,9.0801,7.85
1uxa,13.3647,16.2700,-81.3500,0.1678,2.7375,2.3
1vot,34.2314,34.8900,-174.4500,0.6586,0.0000,6.6
1rdj,14.0064,17.4780,-87.3900,3.4716,0.0000,1.66
1qy5,23.9878,24.5800,-122.9000,0.0015,0.5908,6.7
1qiw,37.1815,43.7200,-218.6000,2.0671,4.4714,7.74
1lor,43.3510,46.4100,-232.0500,0.7293,2.3297,11.06
1kll,22.2171,23.0060,-115.0300,0.0000,0.7889,5.2
3pcc,22.1549,25.1900,-125.9500,3.0331,0.0020,3.62
1rek,54.4306,58.9840,-294.9200,1.4025,3.1509,6.7
2h6q,39.4474,45.9840,-229.9200,0.0515,6.4851,5.11
1h1h,15.7095,17.8120,-89.0600,0.4904,1.6121,5.22
1wei,11.7563,14.4740,-72.3700,2.7177,0.0000,9
1vkj,57.5135,61.7020,-308.5100,2.4541,1.7344,4.85
1apb,26.9928,27.1200,-135.6000,0.1272,0.0000,5.82
1hn2,28.9545,30.5480,-152.7400,1.5935,0.0000,6
1vwn,45.0813,57.9620,-289.8100,5.9128,6.9679,5.82
1m6p,37.2254,38.6000,-193.0000,1.0920,0.2826,5.1
1ody,59.1412,68.8980,-344.4900,4.2694,5.4874,8.1
1w8m,15.0400,18.1680,-90.8400,1.5599,1.5681,1.6
1p28,7.9251,7.9500,-39.7500,0.0000,0.0249,5.42
1eix,42.9795,46.4800,-232.4000,1.9471,1.5534,11.06
1qsc,40.9392,51.4980,-257.4900,1.6332,8.9257,3.68
1qca,31.2628,41.5880,-207.9400,3.4361,6.8892,5.27
1y2f,24.7245,28.4740,-142.3700,2.0150,1.7344,4.92
1ent,38.5284,52.1740,-260.8700,6.0876,7.5580,6.96
1cea,22.7889,26.6640,-133.3200,2.8014,1.0737,4.96
2bmz,16.4300,18.0660,-90.3300,0.8631,0.7729,3.7
6abp,26.3283,26.3900,-131.9500,0.0617,0.0000,6.36
2bjm,38.2780,43.4420,-217.2100,5.1640,0.0000,3.7
2hh5,43.2855,51.7240,-258.6200,4.1300,4.3085,7.49
6fiv,26.4561,30.5640,-152.8200,0.4960,3.6119,8.08
4fiv,68.6170,77.4340,-387.1700,3.6529,5.1641,6.52
1umw,36.9541,50.4360,-252.1800,1.5514,11.9305,6.55
1bap,25.6828,25.9480,-129.7400,0.2652,0.0000,6.85
1y2g,24.7461,28.5040,-142.5200,0.0202,3.7376,4.08
1gah,62.1210,66.8600,-334.3000,0.0383,4.7007,12
2c3j,26.0413,26.3420,-131.7100,0.3007,0.0000,6.18
1rdn,17.9832,20.3320,-101.6600,2.3204,0.0285,1.84
1o2s,32.6094,34.7980,-173.9900,0.3563,1.8323,5.47
5fiv,27.1914,29.2040,-146.0200,0.1802,1.8324,7.66
1o3h,33.9399,35.7200,-178.6000,0.0998,1.6803,7.3
1abf,27.7809,27.8180,-139.0900,0.0371,0.0000,5.42
7hvp,53.6785,69.3100,-346.5500,4.5072,11.1244,9.62
2avv,44.9790,51.1500,-255.7500,2.5143,3.6567,9.26
1ta2,42.8907,48.0840,-240.4200,1.5480,3.6453,8.52
2toh,10.7020,18.2740,-91.3700,5.2142,2.3577,4.15
1vjj,31.9710,35.3180,-176.5900,0.7229,2.6240,5.77
1owh,40.0186,42.3720,-211.8600,0.0111,2.3423,7.4
2j7h,40.5167,40.6520,-203.2600,0.1219,0.0134,7.19
1syi,41.7959,45.7720,-228.8600,3.5872,0.3889,5.44
1bzc,47.0935,57.2360,-286.1800,7.6096,2.5330,4.92
1q8u,24.8176,28.9860,-144.9300,0.6425,3.5259,5.96
1p1n,27.4930,29.4640,-147.3200,0.9740,0.9969,6.8
1oyt,54.7402,56.9420,-284.7100,0.9381,1.2637,7.24
1uto,9.8040,11.3300,-56.6500,1.5084,0.0177,2.27
5tmn,43.6252,49.4560,-247.2800,2.7341,3.0967,8.04
1r5y,37.1254,39.6240,-198.1200,2.4986,0.0000,6.46
1z9g,23.7972,32.1580,-160.7900,6.9306,1.4303,5.64
1ydr,25.5936,30.7840,-153.9200,1.9110,3.2794,5.52
2cbv,38.9637,41.4940,-207.4700,2.5303,0.0000,5.48
2hb1,20.9644,27.5460,-137.7300,4.8534,1.7283,3.8
1z6e,53.2088,65.0120,-325.0600,3.3972,8.4061,9.72
1k1i,43.4376,48.8180,-244.0900,0.4568,4.9236,6.58
1w4o,30.5054,33.5160,-167.5800,1.2980,1.7126,5.22
1s38,34.5348,36.7720,-183.8600,2.2372,0.0000,5.15
2fvd,35.2684,39.2340,-196.1700,1.2342,2.7314,8.52
1pxn,34.2593,35.9780,-179.8900,0.3326,1.3861,7.15
1nc3,35.0103,51.7020,-258.5100,16.4522,0.2395,5
1h22,62.0534,64.3400,-321.7000,0.4352,1.8514,9.1
1z95,40.8884,47.7760,-238.8800,0.1491,6.7385,4.3
1lpg,63.1215,68.6600,-343.3000,1.4615,4.0771,7.09
1gpn,33.0782,35.6160,-178.0800,2.5378,0.0000,6.48
1qf1,45.8393,52.0280,-260.1400,3.3923,2.7964,7.32
1ps3,46.0687,48.8520,-244.2600,2.7672,0.0161,2.28
2br1,21.9648,30.2140,-151.0700,1.9753,6.2739,5.14
1y6r,36.7675,47.0640,-235.3200,8.8663,1.4302,10.11
1c5z,30.6494,30.9420,-154.7100,0.2566,0.0360,4.01
1yc1,29.3633,31.8540,-159.2700,0.0202,2.4704,6.17
1uv6,23.9385,26.6420,-133.2100,2.2280,0.4755,5.12
1yvm,31.9424,34.8600,-174.3000,2.8521,0.0655,6.4
1fzm,76.5214,85.3500,-426.7500,1.5933,7.2353,7.7
1tni,8.6613,13.0620,-65.3100,3.4910,0.9098,4
1hvl,58.2662,64.5720,-322.8600,3.0207,3.2851,9.95
1jev,70.6369,77.5300,-387.6500,3.6979,3.1951,6.89
1bcd,22.1676,22.3740,-111.8700,0.1334,0.0730,8.7
2pcp,34.9496,40.1680,-200.8400,3.9511,1.2673,8.7
1iy7,37.3709,40.5340,-202.6700,1.0819,2.0812,6.19
1l83,13.3480,13.3480,-66.7400,0.0000,0.0000,3.4
2sim,35.6518,39.3580,-196.7900,1.7339,1.9723,3.42
1n51,48.7542,61.7560,-308.7800,7.1630,5.8388,4.85
2am4,60.1633,65.1980,-325.9900,0.9578,4.0769,3.72
1pfu,13.6809,13.8500,-69.2500,0.0000,0.1691,2.72
1ecv,33.3057,39.1540,-195.7700,3.7542,2.0941,4.85
3pck,30.8298,34.8180,-174.0900,3.9874,0.0008,6.7
1lzq,32.1923,55.0580,-275.2900,11.2303,11.6354,8.39
1t4v,43.2699,48.5840,-242.9200,0.3946,4.9195,7.68
1fiv,64.8884,75.9380,-379.6900,5.6557,5.3938,6.59
2ez7,5.8399,11.7520,-58.7600,3.9524,1.9597,4.36
2gyi,34.2175,41.6120,-208.0600,5.7384,1.6561,7
1tuf,22.7151,25.5980,-127.9900,1.9162,0.9666,4.05
1y1z,23.9899,24.7620,-123.8100,0.5898,0.1823,3.08
2gvj,43.5824,45.8920,-229.4600,0.4910,1.8185,9.52
1j01,38.2131,46.0440,-230.2200,7.5356,0.2953,6.47
1qb6,38.1754,42.0700,-210.3500,0.0785,3.8161,6.06
1dud,34.6402,35.6720,-178.3600,0.1815,0.8503,4.82
1ws1,35.2845,47.2660,-236.3300,8.6914,3.2901,9.55
1yc4,26.6789,30.2140,-151.0700,1.8757,1.6594,6.55
1sb1,30.8424,40.6640,-203.3200,6.1951,3.6265,6.89
1ydb,32.1758,35.4360,-177.1800,0.6514,2.6088,8.24
1bai,44.8897,59.8180,-299.0900,6.7893,8.1390,7.7
2boj,24.4711,27.1340,-135.6700,2.6308,0.0321,5.77
1b46,54.3625,60.1140,-300.5700,1.6343,4.1172,5.28
1mtr,49.4848,55.7860,-278.9300,1.7626,4.5386,8.4
2olb,61.0678,68.1060,-340.5300,2.3917,4.6465,5.54
1z6s,32.8716,36.6540,-183.2700,1.9580,1.8243,4.34
1bxq,47.9863,57.7920,-288.9600,3.2808,6.5249,7.38
2bza,14.9975,14.9980,-74.9900,0.0000,0.0005,2.8
1uz1,34.7821,39.4240,-197.1200,4.6186,0.0233,6.89
1fzo,68.6268,87.6980,-438.4900,3.0916,15.9796,7.89
2jxr,42.8947,55.6980,-278.4900,7.5007,5.3025,7.05
1uwu,41.4194,46.8800,-234.4000,5.3869,0.0737,5.98
2cf8,50.4326,52.5200,-262.6000,0.8825,1.2049,8.1
1hvj,56.0375,62.8300,-314.1500,2.7170,4.0754,11.4
1msm,46.8659,55.3520,-276.7600,4.8566,3.6295,10.48
1elc,17.9029,38.5640,-192.8200,17.5815,3.0796,6.66
1l6m,16.2372,19.3580,-96.7900,3.1057,0.0151,8.1
1alw,15.7650,16.5080,-82.5400,0.0089,0.7341,6.52
1met,47.6141,52.1880,-260.9400,2.9172,1.6567,9.4
1m4h,68.0507,77.0560,-385.2800,0.9474,8.0579,9.52
1b8n,39.3881,41.6180,-208.0900,0.6551,1.5748,10.52
1pot,40.6214,42.5040,-212.5200,1.4304,0.4522,5.49
2i3h,36.9996,42.1780,-210.8900,1.4069,3.7716,7.4
1i9n,29.9492,33.1760,-165.8800,1.5317,1.6951,8.66
1kmy,33.8254,39.3120,-196.5600,4.0043,1.4823,5.1
1usn,40.7031,45.4100,-227.0500,2.2946,2.4123,7.74
1r4w,27.6224,35.1160,-175.5800,5.9234,1.5702,4.05
2h6b,23.4521,24.4260,-122.1300,0.8003,0.1736,5.39
1n3i,37.5283,39.2160,-196.0800,1.3185,0.3692,8.89
1bn3,33.0726,38.1060,-190.5300,2.7669,2.2665,9.89
1b4z,58.4337,63.0900,-315.4500,0.9903,3.6660,5.23
1rp7,66.0300,73.6640,-368.3200,3.9738,3.6602,8.52
1q91,50.7236,55.3880,-276.9400,1.6861,2.9782,4.15
2c3l,21.4873,27.4520,-137.2600,5.3374,0.6274,5.07
1li6,8.8875,9.9360,-49.6800,1.0485,0.0000,3.8
1mjj,45.8856,51.1520,-255.7600,0.9537,4.3126,8.74
1w4q,30.9457,34.3720,-171.8600,1.0256,2.4007,5.26
1a99,24.4111,25.4620,-127.3100,0.8953,0.1556,5.7
2fqt,25.0586,34.0480,-170.2400,7.8811,1.1082,6.14
2aog,65.0646,70.0340,-350.1700,0.4786,4.4907,6.28
1pa9,18.5124,30.1940,-150.9700,10.5558,1.1257,4.6
1gj7,33.4499,41.5020,-207.5100,2.8603,5.1918,7.89
1g7g,38.6954,55.4140,-277.0700,10.3016,6.4170,6.6
1sh9,41.5686,48.1540,-240.7700,3.5485,3.0370,6.03
1hnn,32.0385,34.5000,-172.5000,1.3260,1.1355,6.24
1gyx,23.2879,23.4160,-117.0800,0.0000,0.1281,2.48
2j47,42.2573,49.1220,-245.6100,2.5188,4.3459,5.41
1w5y,66.2150,72.0740,-360.3700,2.6551,3.2038,8.48
1z1h,36.2107,43.8820,-219.4100,3.3423,4.3290,8.4
1mue,37.5338,46.3200,-231.6000,1.0547,7.7315,8.64
2i80,24.8981,32.4880,-162.4400,2.4613,5.1286,5.4
1m48,36.2689,38.1780,-190.8900,0.4692,1.4398,5.09
1koj,30.6476,33.2300,-166.1500,2.5351,0.0473,6.7
1c1r,38.2227,41.8060,-209.0300,2.9860,0.5972,7.63
1g4o,28.2166,31.3460,-156.7300,1.4675,1.6619,8.25
1ajx,48.4488,50.0420,-250.2100,0.3058,1.2874,7.91
1ucn,50.2359,56.4600,-282.3000,3.0354,3.1887,5.22
1xk9,22.2468,29.9160,-149.5800,6.2127,1.4565,6.85
1b6j,56.6492,61.2500,-306.2500,1.1455,3.4553,7.92
3jdw,12.6965,16.4820,-82.4100,3.2136,0.5719,3.6
1jeu,59.4032,62.3700,-311.8500,0.0324,2.9344,6.82
2bo4,8.7155,15.7060,-78.5300,2.1446,4.8459,4.61
1gar,58.0762,66.4760,-332.3800,3.3095,5.0903,10
1g53,34.5448,37.4400,-187.2000,1.3985,1.4967,9.04
1oz0,66.2300,77.5280,-387.6400,5.6205,5.6775,7.7
3pcn,21.1014,29.2300,-146.1500,7.7041,0.4244,3.66
1uwf,26.7785,27.1160,-135.5800,0.2950,0.0425,6.82
1b5i,57.4296,62.6900,-313.4500,1.3966,3.8638,7.05
1qkb,58.4222,62.9840,-314.9200,0.9213,3.6405,7.35
3kiv,19.3938,21.5560,-107.7800,1.5378,0.6244,4.7
1b2h,57.9242,63.1560,-315.7800,1.3722,3.8595,4.54
1qbv,36.7585,42.7840,-213.9200,3.6975,2.3280,5.39
1ork,37.9874,47.1860,-235.9300,3.3925,5.8061,8.81
2il2,60.8678,67.0240,-335.1200,2.1399,4.0163,7.1
1utl,9.4965,10.9680,-54.8400,1.0782,0.3933,2.47
2hb3,40.5566,44.6520,-223.2600,0.7410,3.3545,11.35
1ec9,34.1146,43.4820,-217.4100,8.1542,1.2132,3.1
1v2k,46.0901,48.2180,-241.0900,0.1543,1.9736,6.19
1ndv,32.9626,37.0400,-185.2000,3.4751,0.6023,5.92
1tx7,29.4298,32.1360,-160.6800,1.5603,1.1459,4.6
2c92,64.9497,69.1520,-345.7600,0.1369,4.0654,5.68
1b58,65.8295,70.3140,-351.5700,0.5379,3.9466,6.59
1k22,51.1817,56.8580,-284.2900,3.2191,2.4572,8.4
1mh5,48.4787,53.4940,-267.4700,1.3742,3.6411,9.21
1stc,40.1516,43.2780,-216.3900,2.0931,1.0333,8.1
1gj6,39.0728,44.4700,-222.3500,0.9181,4.4791,7
1qf2,35.6946,40.1960,-200.9800,1.2496,3.2518,5.92
1dmp,51.2335,52.7080,-263.5400,0.3150,1.1595,9.55
2fpz,17.3645,19.0280,-95.1400,1.6635,0.0000,3.96
1njd,38.9379,44.3420,-221.7100,4.6306,0.7735,5.57
1w5v,66.5904,71.5900,-357.9500,2.3210,2.6786,8.15
1ro7,66.4957,71.2500,-356.2500,0.8113,3.9431,3.18
1lke,45.8633,46.5960,-232.9800,0.0073,0.7254,7.52
1xap,41.3520,41.9300,-209.6500,0.0015,0.5765,8.7
1qka,67.1086,72.5160,-362.5800,1.0173,4.3900,5.92
1mfa,41.8534,43.5340,-217.6700,0.0000,1.6806,5.04
1qan,35.6382,39.8300,-199.1500,2.1344,2.0574,4.48
1jfh,24.6554,26.3320,-131.6600,0.3991,1.2775,2.05
1dqn,57.4261,59.2620,-296.3100,0.8367,0.9992,8
1if8,32.1374,35.8180,-179.0900,2.0287,1.6519,9.64
2bvd,53.2265,54.7120,-273.5600,0.8478,0.6378,6
1fjs,50.5753,61.5260,-307.6300,4.2113,6.7394,9.96
2f1g,16.7071,28.8280,-144.1400,9.4154,2.7055,7.54
1sld,53.0083,57.7600,-288.8000,1.0607,3.6910,6.57
1zog,19.4079,22.3980,-111.9900,2.6450,0.3451,7.15
1hos,37.6400,47.4600,-237.3000,6.0642,3.7558,8.55
1tcx,40.7850,44.5320,-222.6600,0.2995,3.4475,6.95
1hpo,28.7302,33.9300,-169.6500,1.0513,4.1485,9.22
6cpa,48.5527,56.2820,-281.4100,4.4885,3.2408,11.52
1ydd,21.2282,26.5560,-132.7800,2.4815,2.8463,7.07
1k4h,31.4270,32.8980,-164.4900,0.9194,0.5517,5.11
1aid,22.7534,24.8040,-124.0200,0.8922,1.1583,4.82
1jlr,39.5709,50.2200,-251.1000,6.2253,4.4238,3.33
2erz,22.2160,30.3800,-151.9000,5.8475,2.3164,5.66
2ccb,38.0257,38.7560,-193.7800,0.0000,0.7303,7.45
1mu8,41.4184,46.2300,-231.1500,0.8853,3.9262,9
1yei,52.9199,54.8880,-274.4400,0.1305,1.8376,7.46
2ca8,27.3186,32.3360,-161.6800,2.2911,2.7263,4.66
1nvs,33.3956,34.9060,-174.5300,1.5104,0.0000,7.82
1q54,29.5628,37.9880,-189.9400,3.3584,5.0668,5.85
2b07,37.9563,42.0620,-210.3100,1.2919,2.8137,6.43
1o2h,38.7151,42.6020,-213.0100,1.8106,2.0763,7.17
1k21,48.9529,55.7960,-278.9800,3.0039,3.8392,8.38
1qbq,34.1944,37.4560,-187.2800,1.3033,1.9583,8.3
1os0,44.2284,50.6460,-253.2300,4.2586,2.1590,6.03
1z71,40.0147,48.3140,-241.5700,2.4347,5.8647,9.18
1o3d,43.0182,45.0420,-225.2100,0.2255,1.7983,7.13
2byr,55.5338,63.1600,-315.8000,2.8842,4.7420,8.55
1d6w,32.7733,45.3900,-226.9500,8.9043,3.7124,5.96
1g35,48.4952,53.9840,-269.9200,2.3705,3.1183,8.14
1ppc,47.2663,51.4720,-257.3600,1.3978,2.8080,6.16
1s63,31.3447,35.4400,-177.2000,2.3148,1.7805,9.05
1iiq,55.9430,67.3300,-336.6500,3.9972,7.3898,7.48
1cny,23.3449,30.1060,-150.5300,3.4355,3.3256,7.85
1epo,50.0470,59.7760,-298.8800,2.1868,7.5423,7.96
1h2t,88.5196,98.1400,-490.7000,5.0244,4.5959,7.89
1sdu,49.6693,53.7620,-268.8100,0.9526,3.1401,10.07
1g32,53.5759,58.1560,-290.7800,3.5424,1.0377,6.11
7upj,27.5401,32.3900,-161.9500,0.0004,4.8494,8.49
1moq,30.8042,32.6740,-163.3700,1.5454,0.3245,3.46
1nf8,35.5771,39.1380,-195.6900,0.3605,3.2004,7.82
1ugx,31.4776,33.0700,-165.3500,0.4281,1.1643,5.91
1zgi,34.9404,40.2000,-201.0000,2.6534,2.6062,5.34
2f2h,63.4560,69.8740,-349.3700,3.2726,3.1454,5.7
1hvr,55.2692,56.5820,-282.9100,0.0150,1.2978,9.51
1c4u,38.4670,50.3200,-251.6000,8.4731,3.3799,10.37
1lpz,49.9692,54.2600,-271.3000,1.8089,2.4820,7.6
1hxb,46.0877,51.7280,-258.6400,3.3888,2.2515,9.92
1ajv,49.6993,55.3800,-276.9000,1.8618,3.8189,7.72
1gno,13.1103,35.2860,-176.4300,14.0469,8.1288,7.7
1oe8,27.6250,29.6080,-148.0400,-0.0000,1.9830,5.52
2h4g,29.4991,33.4300,-167.1500,0.9420,2.9888,6.52
1qbr,62.4362,70.0640,-350.3200,2.9681,4.6597,10.57
1y3n,46.5630,50.8760,-254.3800,1.1662,3.1468,5.55
2fxv,55.6283,56.3880,-281.9400,0.2047,0.5550,5.35
1olx,75.8866,83.7880,-418.9400,6.1816,1.7198,4.33
1a9m,39.4966,50.0100,-250.0500,2.9473,7.5662,6.92
2gl0,51.6729,52.5700,-262.8500,0.5675,0.3296,4.82
1a94,40.3872,63.0940,-315.4700,7.3220,15.3848,7.85
1w3l,60.8213,62.5260,-312.6300,0.2137,1.4910,6.28
1g30,51.9367,58.1640,-290.8200,2.7434,3.4839,6.85
1qhc,52.8768,63.6660,-318.3300,5.5241,5.2650,7.57
2f7p,37.3380,44.8300,-224.1500,6.7520,0.7400,6.6
1fkw,41.6556,44.6120,-223.0600,2.4557,0.5007,5.05
1wht,21.1784,28.9580,-144.7900,3.8053,3.9744,3.7
1y20,21.4491,23.4120,-117.0600,1.2571,0.7058,5.32
966c,39.2359,49.5740,-247.8700,6.7796,3.5585,7.64
1g45,28.8597,31.5400,-157.7000,1.1552,1.5252,8.64
2a8g,37.7106,47.7820,-238.9100,9.1362,0.9352,3.69
1b1h,66.1355,70.6460,-353.2300,1.7046,2.8059,7.03
2boh,31.6291,41.5660,-207.8300,5.8054,4.1315,8.52
1fhd,53.1224,55.1820,-275.9100,1.7393,0.3203,6.82
1oss,22.2930,22.8880,-114.4400,0.4789,0.1161,4.79
1v1m,67.0901,74.8440,-374.2200,5.4702,2.2837,3.94
2j7d,49.2598,53.8840,-269.4200,2.4310,2.1933,7.13
1pro,53.3229,56.4020,-282.0100,0.8645,2.2146,11.3
1w4p,26.3127,30.5700,-152.8500,2.1530,2.1043,4.74
1o0m,31.8471,35.2820,-176.4100,2.6280,0.8069,5.15
1b05,56.2325,60.4640,-302.3200,1.1324,3.0992,7.12
1r0p,44.2551,48.4840,-242.4200,1.6349,2.5939,8
1dhj,47.6844,49.3800,-246.9000,-0.0000,1.6956,6.55
1lgt,35.8058,41.4780,-207.3900,4.3348,1.3374,6.1
1g54,33.2201,38.0420,-190.2100,1.9169,2.9050,8.82
1tog,27.7272,28.0620,-140.3100,0.0000,0.3348,3.22
1hwr,31.4844,33.9080,-169.5400,1.2756,1.1480,8.33
1r1h,50.9905,61.3920,-306.9600,7.3377,3.0638,8.92
1okl,28.6800,35.7660,-178.8300,4.3372,2.7489,6.03
1xff,28.3644,29.1140,-145.5700,0.0673,0.6824,4.82
1t5f,17.0090,20.3300,-101.6500,1.6863,1.6347,4.22
1mrs,53.9326,56.7520,-283.7600,1.1815,1.6379,3.96
1jzs,31.3691,37.4680,-187.3400,1.2970,4.8019,6.6
1d6v,41.6436,44.9000,-224.5000,1.2722,1.9842,6.17
1hxw,51.7942,56.5400,-282.7000,1.1952,3.5506,10.82
1uho,43.4581,49.0460,-245.2300,1.5717,4.0162,9.22
1bhx,52.5857,56.8840,-284.4200,1.4192,2.8792,6.84
1nw5,49.4469,51.6860,-258.4300,1.2327,1.0064,5.21
1m7i,38.9261,48.4980,-242.4900,3.1526,6.4193,5.4
1d2e,66.7637,69.8740,-349.3700,2.3636,0.7467,6
1z4o,35.5745,37.6260,-188.1300,1.5632,0.4884,4.52
1nli,34.5664,34.6120,-173.0600,0.0456,0.0000,3.59
1afl,14.4886,36.3960,-181.9800,16.5297,5.3777,6.28
2j75,42.3915,42.5280,-212.6400,0.1108,0.0258,6.65
1utj,14.7308,14.8320,-74.1600,0.0038,0.0974,3.84
2c80,40.3766,44.4560,-222.2800,0.4891,3.5903,5.33
1sr7,46.5832,51.4420,-257.2100,0.5388,4.3200,10.1
1b6k,51.5027,54.5140,-272.5700,0.8469,2.1645,8.74
1bwa,64.1740,70.0320,-350.1600,1.2506,4.6074,7.6
2bt9,29.7458,29.7680,-148.8400,0.0000,0.0222,6.19
1gu1,28.4762,28.5700,-142.8500,0.0436,0.0502,4.52
1zdp,29.0233,31.5580,-157.7900,1.7004,0.8344,5.74
1f5l,37.2377,37.8240,-189.1200,0.5426,0.0437,5.28
1iih,25.0898,26.4160,-132.0800,0.0000,1.3262,2.89
1f3e,29.6044,31.5300,-157.6500,1.9256,0.0000,6.7
1n8v,19.6931,20.7360,-103.6800,0.0000,1.0429,6.03
2gst,56.2075,59.8960,-299.4800,1.5973,2.0912,6.07
1lpk,54.8106,58.6760,-293.3800,0.1484,3.7170,7.55
7std,35.1460,36.7260,-183.6300,0.0029,1.5771,10.72
1xbo,41.8353,46.6700,-233.3500,1.6930,3.1417,6.04
1j4r,47.3153,57.0520,-285.2600,2.3456,7.3911,7.72
1izi,53.2799,61.6600,-308.3000,3.0431,5.3370,6.59
2c1p,35.3375,37.3620,-186.8100,0.0164,2.0081,5.4
1qxk,48.3437,53.9120,-269.5600,1.2239,4.3444,5.05
1ceb,26.6595,29.0620,-145.3100,1.8551,0.5474,6
1xk5,27.5043,49.5240,-247.6200,7.8975,14.1222,6
1g3e,27.7422,35.2620,-176.3100,6.9646,0.5552,5.38
1tcw,28.1403,33.2800,-166.4000,1.2006,3.9392,6.02
1afk,34.7948,43.1680,-215.8400,6.5894,1.7838,6.62
1d3p,47.2795,50.4580,-252.2900,0.6514,2.5271,7.39
2ihq,35.1057,41.0540,-205.2700,4.7273,1.2210,8.49
2bpy,42.7734,47.7360,-238.6800,0.0038,4.9588,7.4
1pzp,15.6574,19.3600,-96.8000,0.0174,3.6852,3.31
1n1m,23.0951,27.0600,-135.3000,2.9285,1.0363,5.7
1wcq,46.8963,49.2940,-246.4700,0.1926,2.2050,6.26
2tmn,18.8399,26.3460,-131.7300,5.4313,2.0747,5.89
2fgu,49.5512,56.5360,-282.6800,3.8182,3.1666,9.18
2eum,38.4241,46.6680,-233.3400,1.5911,6.6529,6.7
1gai,63.3870,67.8460,-339.2300,0.0015,4.4576,8
2gv6,35.8397,41.9880,-209.9400,2.7344,3.4138,7.34
1b32,58.1724,62.5620,-312.8100,0.6798,3.7098,7.1
1ws4,25.6744,27.2080,-136.0400,1.5314,0.0022,3
1c84,30.4575,37.6300,-188.1500,4.3856,2.7868,5
1b5h,55.8434,61.2660,-306.3300,1.7953,3.6273,6.01
1ro6,37.0827,37.5520,-187.7600,0.0015,0.4678,6.46
1fcy,52.9150,53.8800,-269.4000,0.0270,0.9380,8.52
1mrn,75.9254,88.0280,-440.1400,6.7101,5.3925,4.52
1yej,51.0360,59.6600,-298.3000,5.2117,3.4124,7.46
1pb8,25.6935,25.8420,-129.2100,0.0650,0.0835,5.15
4tmk,81.9802,97.5460,-487.7300,5.1575,10.4082,7.7
1e3v,18.7781,23.4300,-117.1500,4.3313,0.3206,4.34
1rql,8.8537,10.4640,-52.3200,1.0445,0.5658,2.75
1qb1,30.4112,43.2460,-216.2300,7.1828,5.6520,6.77
1b55,29.4582,42.5300,-212.6500,5.1460,7.9258,7.4
1b51,54.9907,60.2520,-301.2600,1.3023,3.9590,7.37
2j7g,48.0308,51.9700,-259.8500,3.3871,0.5521,7
2iuz,81.7177,83.9900,-419.9500,1.5878,0.6845,5.55
1o7o,60.9470,65.0800,-325.4000,1.6097,2.5233,4.49
1nfw,42.6531,45.3700,-226.8500,1.3479,1.3690,8.96
1o2o,35.3754,42.3140,-211.5700,2.6907,4.2480,6.36
1c5s,26.3290,26.3360,-131.6800,0.0009,0.0061,6
1hyo,25.3372,28.2280,-141.1400,0.8829,2.0079,4.07
1hlk,28.7914,31.5040,-157.5200,1.1412,1.5714,5
1kzk,46.5485,53.4500,-267.2500,3.4750,3.4265,10.39
1c5o,23.4498,23.4760,-117.3800,0.0000,0.0262,3.49
1tlp,32.1510,45.1180,-225.5900,6.3882,6.5787,7.55
1i7z,36.1651,39.9880,-199.9400,2.6044,1.2185,6.4
1r6n,25.8376,38.3440,-191.7200,2.4837,10.0227,7.4
1n4h,25.9139,27.3000,-136.5000,0.0901,1.2960,6.55
1aaq,36.5618,47.6760,-238.3800,8.1469,2.9672,8.4
1utn,14.9051,14.9440,-74.7200,0.0276,0.0114,3.49
2dw7,20.6578,31.7640,-158.8200,9.1965,1.9097,4.7
1swg,35.6322,36.3680,-181.8400,0.2775,0.4583,7.36
1ghy,31.4167,42.9840,-214.9200,9.3880,2.1793,8.1
1lkk,49.2464,54.1440,-270.7200,0.0089,4.8888,6.85
2a5b,42.5435,46.7760,-233.8800,2.1955,2.0371,3.93
1ct8,46.9710,55.1000,-275.5000,3.0975,5.0316,6.52
1ppk,36.4690,44.3860,-221.9300,4.4145,3.5024,7.66
1gz4,40.6312,45.2060,-226.0300,1.4188,3.1559,3.7
1d4y,34.6469,45.8560,-229.2800,5.2423,5.9667,11.1
1h4w,27.0830,28.2140,-141.0700,1.0335,0.0975,4.66
1yds,27.9277,32.9380,-164.6900,0.0000,5.0103,5.92
1hpx,37.8858,47.9280,-239.6400,3.9996,6.0427,11.26
1upf,16.8110,16.8760,-84.3800,0.0650,0.0000,4.6
1vyg,27.9925,30.0440,-150.2200,0.4502,1.6013,8
2c94,59.8764,64.6180,-323.0900,0.2323,4.5092,6.82
1qb9,39.1801,43.8400,-219.2000,2.5617,2.0982,7.44
1txr,36.7410,47.1920,-235.9600,8.0279,2.4230,7.74
1ez9,58.0362,63.9140,-319.5700,0.0739,5.8039,5.1
1owe,33.4536,35.6220,-178.1100,0.0069,2.1615,6.2
1nw4,34.3043,35.1800,-175.9000,0.0133,0.8624,9.07
1ii5,22.8491,24.0740,-120.3700,0.1850,1.0398,6.62
1t31,43.0055,49.3280,-246.6400,0.3085,6.0140,8.64
1m83,61.7032,66.6680,-333.3400,3.5645,1.4003,3.4
2i0a,38.5879,47.4260,-237.1300,4.0224,4.8157,11.4
2hxm,44.5853,45.9640,-229.8200,0.6387,0.7401,5.22
1g9r,82.5700,89.0140,-445.0700,3.2619,3.1821,5.7
1o2n,38.5887,42.7320,-213.6600,0.3385,3.8049,6.09
1v2w,30.1234,34.6820,-173.4100,1.7502,2.8083,4.01
1zsf,35.0120,56.6600,-283.3000,8.1460,13.5020,9.92
1uw6,33.4247,34.5600,-172.8000,0.9189,0.2164,7.34
1siv,56.4358,59.4600,-297.3000,0.2200,2.8042,8.08
2gvv,14.8839,21.2880,-106.4400,4.5145,1.8895,3.9
1a4w,51.1051,58.4500,-292.2500,2.2802,5.0648,5.92
1v2n,46.3513,48.0460,-240.2300,0.1268,1.5679,5.9
1wdn,33.4306,34.3320,-171.6600,0.0249,0.8765,6.3
1m2r,35.4578,36.8460,-184.2300,1.3882,0.0000,6.46
1bnw,28.8068,33.9820,-169.9100,2.0929,3.0823,9.08
1x8d,27.6322,27.6360,-138.1800,0.0038,0.0000,2.21
1o36,27.2920,44.2120,-221.0600,6.1941,10.7258,5.96
1g52,32.0022,35.0000,-175.0000,1.4224,1.5754,9.54
1kel,51.7572,54.4540,-272.2700,1.4284,1.2684,7.28
1ghw,32.3402,35.0140,-175.0700,2.4438,0.2300,4.2
1fkg,38.8935,44.5160,-222.5800,1.6600,3.9625,8
1o2w,34.1067,38.6240,-193.1200,2.8726,1.6447,5.85
2b4l,30.3153,32.7380,-163.6900,0.0106,2.4121,4.77
1bq4,15.5970,31.6220,-158.1100,3.1964,12.8286,5.22
1apv,44.8661,51.3080,-256.5400,0.5127,5.9291,9
1pzo,20.9561,22.5100,-112.5500,0.3708,1.1832,3.32
1a4r,51.6520,54.0340,-270.1700,1.5238,0.8581,6.66
1xt8,20.5999,24.6580,-123.2900,3.7736,0.2845,6.85
1xjd,37.5781,38.2880,-191.4400,0.1024,0.6075,9.48
5er2,56.4794,69.3520,-346.7600,2.7895,10.0831,6.57
2avs,49.0004,53.3180,-266.5900,0.3019,4.0158,7.57
1v11,65.7951,72.6740,-363.3700,4.6634,2.2156,3.98
1erb,30.2510,34.4420,-172.2100,0.0000,4.1910,8.1
2cbz,66.1512,71.9980,-359.9900,1.6787,4.1681,3.93
1f0u,46.8013,51.7780,-258.8900,2.8502,2.1266,7.16
1ppl,47.2687,53.4720,-267.3600,2.2615,3.9418,8.55
1d4p,46.2633,48.4680,-242.3400,0.0436,2.1611,6.3
1mmr,34.8133,37.2240,-186.1200,0.3247,2.0860,5.4
1r1j,30.5261,46.3280,-231.6400,11.7140,4.0879,8.64
1jgl,44.9831,44.9980,-224.9900,0.0149,0.0000,8.7
1k1j,43.6849,50.2200,-251.1000,3.1507,3.3844,7.55
1bn1,30.2210,37.6880,-188.4400,4.5501,2.9169,9.34
1qbs,48.7095,50.1220,-250.6100,0.0009,1.4116,9.47
1str,42.9229,55.3580,-276.7900,0.4438,11.9914,4.77
1k1n,36.7014,44.9840,-224.9200,1.5831,6.6995,6.82
1g46,31.0694,33.3680,-166.8400,0.8972,1.4014,8.8
1m2x,25.2853,28.3860,-141.9300,1.0678,2.0329,4.15
1gvw,44.9944,52.0420,-260.2100,3.0326,4.0149,6.96
1yqj,46.3223,49.1780,-245.8900,0.0036,2.8521,8.14
1cbx,28.2783,37.2300,-186.1500,6.8048,2.1469,6.35
2csn,17.0578,22.1760,-110.8800,1.1801,3.9381,4.41
1m1b,15.5304,22.9820,-114.9100,6.3912,1.0605,4.66
1ogg,61.1442,67.9940,-339.9700,3.1778,3.6720,5.19
1m0o,49.3178,54.3780,-271.8900,2.4749,2.5852,2.31
1q8w,26.9191,30.3320,-151.6600,0.4029,3.0100,5.24
1f0r,44.1780,47.0860,-235.4300,0.3821,2.5259,7.66
1ghv,33.6644,35.7320,-178.6600,0.3120,1.7556,4.35
1v2j,26.6382,27.3980,-136.9900,0.6880,0.0718,3.25
1y0l,43.7186,45.7760,-228.8800,0.6244,1.4330,9
1ew8,4.8684,24.0540,-120.2700,14.9212,4.2644,2.26
1o0f,31.0997,36.2480,-181.2400,2.3923,2.7560,5.3
2j7e,49.1891,56.1900,-280.9500,5.1273,1.8736,7.32
1t32,42.2247,49.1540,-245.7700,2.0986,4.8307,7.42
1gj8,29.4810,35.0780,-175.3900,1.5897,4.0073,6.96
2hs1,38.4299,46.5580,-232.7900,4.7248,3.4033,8.48
2fxu,49.7716,51.1220,-255.6100,0.0337,1.3166,8.15
1qaw,23.3417,24.5920,-122.9600,0.7038,0.5465,5.12
1bgq,22.2172,24.8100,-124.0500,2.5928,0.0000,8.57
1bp0,35.5501,39.4000,-197.0000,3.3804,0.4694,5.4
1szd,52.9937,54.6200,-273.1000,0.1056,1.5208,4.54
1zp8,35.9395,49.0380,-245.1900,6.3458,6.7528,8.77
1fkf,59.3542,61.8980,-309.4900,1.3484,1.1954,9.4
1qji,44.8285,58.9140,-294.5700,4.1618,9.9236,4.85
1x38,48.0332,51.9560,-259.7800,3.7347,0.1881,8.77
1jmf,33.5600,41.6520,-208.2600,7.0968,0.9952,5.77
2c97,39.5590,43.8440,-219.2200,3.0274,1.2577,6.14
1sw2,30.2915,31.4480,-157.2400,0.2062,0.9503,7.22
1bnv,33.1634,39.7760,-198.8800,2.6052,4.0074,8.77
1x39,52.2953,54.7240,-273.6200,1.2039,1.2248,9.22
1f0t,38.8698,44.6100,-223.0500,3.5540,2.1862,6
1c5t,27.2288,27.2980,-136.4900,0.0310,0.0382,4.1
1pph,37.2845,41.6700,-208.3500,1.5603,2.8252,5.92
2aj8,44.1414,49.8220,-249.1100,5.0133,0.6673,6.2
1kjr,35.3569,41.1620,-205.8100,0.0000,5.8051,6.06
1c83,33.6832,40.8180,-204.0900,3.3841,3.7507,4.85
1sbg,38.5631,44.6920,-223.4600,2.1478,3.9811,7.74
1bhf,35.5142,40.4520,-202.2600,0.8686,4.0692,4.38
2fzg,12.6698,33.2760,-166.3800,15.3933,5.2129,3.38
1gyy,20.8062,25.3020,-126.5100,1.3642,3.1316,3.64
1odj,37.6443,39.5660,-197.8300,0.7457,1.1761,4.1
1lbf,50.1901,54.4220,-272.1100,1.3054,2.9265,7.85
1u1w,29.3524,30.3720,-151.8600,0.9993,0.0202,5.85
1g2k,52.7094,57.4660,-287.3300,0.9873,3.7693,7.96
1sw1,31.4012,34.3860,-171.9300,0.1309,2.8539,7.3
1ai4,19.2810,21.9960,-109.9800,1.6257,1.0892,2.5
2gsu,47.8878,54.4780,-272.3900,4.4901,2.1001,3.59
1v0k,39.4192,42.5960,-212.9800,2.9108,0.2660,5.1
1c5y,26.7691,26.8440,-134.2200,0.0195,0.0554,4.2
1v1j,28.9546,29.2920,-146.4600,0.0832,0.2542,4.82
2ewa,45.8265,48.4160,-242.0800,0.3831,2.2064,7.94
1xka,51.7718,57.6520,-288.2600,2.7994,3.0807,6.88
1kpm,12.6091,21.0840,-105.4200,5.4914,2.9835,5.8
1onz,25.1031,33.5940,-167.9700,4.1828,4.3081,5.1
1gi4,38.1308,41.4860,-207.4300,3.1526,0.2026,7.19
1od8,40.0444,43.5120,-217.5600,3.2600,0.2075,5.1
1ezq,60.4538,67.2000,-336.0000,4.2743,2.4718,9.05
1t7j,34.8648,41.4580,-207.2900,2.3362,4.2570,8.7
2mas,39.8839,41.2580,-206.2900,0.7462,0.6279,7.52
2bmk,34.8453,40.8040,-204.0200,2.5569,3.4018,5.62
1ew9,11.2973,15.0260,-75.1300,3.7130,0.0157,3.22
2a4m,0.0486,11.9360,-59.6800,8.2779,3.6094,4.52
1laf,35.4561,36.3940,-181.9700,0.6309,0.3070,7.85
2cc7,36.4540,36.4540,-182.2700,0.0000,0.0000,8.01
1pxp,34.7300,37.0660,-185.3300,2.2580,0.0781,6.66
1cps,20.2113,27.7820,-138.9100,3.8717,3.6990,6.66
1b38,51.9403,63.7020,-318.5100,4.8539,6.9078,6.6
2d1n,47.9640,57.1520,-285.7600,6.0395,3.1484,8.15
2j7b,41.0559,49.1100,-245.5500,8.0329,0.0212,6.62
1efy,42.8101,43.5080,-217.5400,0.2111,0.4868,8.22
1nq7,31.0503,31.3220,-156.6100,0.0894,0.1823,6.8
1w3j,36.1007,36.6880,-183.4400,0.5675,0.0198,6.32
1v2s,26.6045,26.9520,-134.7600,0.3350,0.0126,4.17
1mrx,40.6933,48.8920,-244.4600,5.5596,2.6391,7.26
1lyx,21.3245,24.9780,-124.8900,2.8052,0.8484,4.54
1jqy,35.5942,41.7280,-208.6400,3.6308,2.5030,4.92
3pcf,25.4954,29.1860,-145.9300,3.6881,0.0025,6.05
1m7d,36.9863,38.9840,-194.9200,0.0430,1.9548,6.23
1e6s,30.9197,37.6940,-188.4700,6.7729,0.0014,3.22
1hii,50.4717,55.0460,-275.2300,1.0496,3.5247,7.28
1ua4,35.5109,39.7460,-198.7300,3.1304,1.1047,4.22
1hvh,29.4926,40.7420,-203.7100,8.9224,2.3270,7.96
2aoe,57.1464,66.9280,-334.6400,3.1832,6.5984,7.62
1gnn,24.9353,43.5520,-217.7600,11.8772,6.7396,5.68
1ghz,33.4733,35.3000,-176.5000,0.0901,1.7366,4.8
2fqo,27.6560,33.2220,-166.1100,4.4751,1.0909,6.43
1d3d,44.2779,46.3800,-231.9000,0.0383,2.0638,9.09
1oyq,43.5966,48.6140,-243.0700,1.5895,3.4279,6.96
2avo,49.3281,53.4440,-267.2200,0.4652,3.6507,8.85
1ajn,19.9860,22.2760,-111.3800,1.0859,1.2041,2.63
1v0l,41.3650,42.7660,-213.8300,1.1042,0.2968,7.55
1wc1,56.1294,64.9500,-324.7500,4.8967,3.9239,4
1qf0,55.1360,60.1200,-300.6000,2.6714,2.3126,7.38
1pgp,27.2177,30.6320,-153.1600,2.1379,1.2764,5.7
1tq4,59.5831,63.9820,-319.9100,3.4305,0.9684,6.19
1mes,46.9625,49.0080,-245.0400,0.2707,1.7748,7.7
1a4k,29.1498,34.3060,-171.5300,1.2554,3.9009,8
1jak,42.6037,45.5980,-227.9900,1.1163,1.8780,5.57
1mrw,39.0608,47.2980,-236.4900,5.0624,3.1748,9.7
1jmg,30.2552,40.1540,-200.7700,8.8357,1.0630,6.07
2j4i,36.4153,44.8620,-224.3100,4.4976,3.9492,9
1v2l,25.7803,26.4240,-132.1200,0.5710,0.0727,4.29
1g85,14.0707,16.8340,-84.1700,1.5686,1.1947,5.48
1kyv,58.9729,61.3840,-306.9200,1.1811,1.2300,5.92
1ejn,46.5655,48.2340,-241.1700,1.0470,0.6215,5.62
1fl3,33.0506,38.2980,-191.4900,4.6129,0.6345,6.8
1br6,50.9789,51.4060,-257.0300,0.1773,0.2498,3.22
1jyq,57.5184,75.7380,-378.6900,5.2119,13.0077,8.7
2avm,62.8722,68.7560,-343.7800,0.2775,5.6063,5.7
1p19,26.0171,36.0540,-180.2700,8.5199,1.5169,4.11
1fkh,38.8311,45.5700,-227.8500,2.5809,4.1580,8.15
2f8g,36.4246,45.0540,-225.2700,5.1950,3.4343,8.7
1o3j,36.9983,37.2220,-186.1100,0.1889,0.0347,6.77
2bal,28.0260,31.9580,-159.7900,0.0000,3.9320,6.31
1y3p,61.2600,77.3720,-386.8600,8.0125,8.0995,4.82
2tpi,18.7447,20.4760,-102.3800,0.0869,1.6444,4.31
3pcg,12.8694,25.8760,-129.3800,12.3247,0.6818,2.3
1pdz,20.1669,22.0640,-110.3200,1.2404,0.6567,3.7
1mq5,44.6553,55.0380,-275.1900,6.2317,4.1511,9
1igj,37.9853,40.8960,-204.4800,1.4350,1.4757,10
1ctu,32.8259,41.9620,-209.8100,5.8850,3.2511,11.92
1qbo,39.5809,43.1580,-215.7900,1.6245,1.9526,7.74
1jcx,48.0655,54.2220,-271.1100,3.2986,2.8580,5.15
1bdq,40.7449,43.3940,-216.9700,0.5501,2.0989,6.34
1nw7,41.1849,42.4640,-212.3200,0.3340,0.9451,5.09
1n4k,37.1136,39.1500,-195.7500,0.3597,1.6767,10.05
1k1m,43.6338,50.4300,-252.1500,2.5193,4.2770,7.4
1v2r,29.9718,34.2600,-171.3000,1.6086,2.6797,3.55
1ikt,28.3441,33.5720,-167.8600,3.3091,1.9188,3.4
1ele,36.1241,42.7920,-213.9600,2.8936,3.7744,6.85
2cbu,45.1795,45.3380,-226.6900,0.1585,0.0000,5.68
1g3d,32.8777,35.9720,-179.8600,2.6557,0.4385,5.55
1nu3,9.7511,12.4820,-62.4100,1.8132,0.9176,4
1c5c,34.9282,41.5080,-207.5400,1.4967,5.0830,6.96
1tng,8.6007,8.9940,-44.9700,0.2386,0.1546,2.93
1c5x,28.2617,28.3500,-141.7500,0.0517,0.0366,6.68
1ch8,57.3423,65.8600,-329.3000,3.8034,4.7143,7
1i80,23.6660,23.6660,-118.3300,0.0000,0.0000,6.41
1qy2,24.0712,24.9600,-124.8000,0.0000,0.8888,5.74
2fqx,56.0302,57.1580,-285.7900,0.4566,0.6712,7.15
1yda,20.7398,25.1040,-125.5200,1.8711,2.4931,6.55
456c,41.5486,56.5960,-282.9800,13.1444,1.9030,9.77
1tom,35.8001,38.8720,-194.3600,1.2688,1.8031,8.3
1h1d,29.3350,35.4200,-177.1000,3.0667,3.0183,8.22
1oba,15.6377,17.5700,-87.8500,0.7049,1.2274,2.44
1j14,27.0264,27.5040,-137.5200,0.3215,0.1562,4.49
2f6t,35.3365,40.2080,-201.0400,3.0122,1.8593,4.62
1px4,36.1164,37.7480,-188.7400,1.2024,0.4293,3.23
1lrh,27.3401,31.6120,-158.0600,3.5535,0.7184,6.82
2j7f,44.1594,53.8700,-269.3500,7.9256,1.7849,6.35
1thz,28.7481,39.4600,-197.3000,4.8135,5.8984,5.15
1xkk,47.4894,53.4360,-267.1800,2.7507,3.1958,8.52
1li2,15.4100,15.4100,-77.0500,0.0000,0.0000,4.04
1ydk,37.3412,40.5360,-202.6800,0.5329,2.6619,5.89
2cex,27.1432,29.4780,-147.3900,0.0458,2.2890,4.7
2fzk,16.8766,33.1700,-165.8500,9.7216,6.5719,3.6
1o3i,36.2146,37.8820,-189.4100,0.0408,1.6265,7.3
1bnu,33.6408,38.0600,-190.3000,2.4046,2.0146,9.7
1izh,55.1054,67.0820,-335.4100,3.9798,7.9969,7.7
2gzl,57.9742,68.1760,-340.8800,1.4356,8.7662,4.82
1hi5,24.0364,27.5140,-137.5700,1.8380,1.6396,4.04
1fm9,59.1821,71.7020,-358.5100,9.1378,3.3822,9
2a5c,41.0062,43.2540,-216.2700,0.8534,1.3944,4.62
1lee,49.0171,54.1540,-270.7700,3.3549,1.7820,7.74
1kdk,29.7875,30.0220,-150.1100,0.2345,0.0000,9.05
1qbu,45.9562,50.3640,-251.8200,1.4095,2.9983,10.24
1o38,43.3697,45.0240,-225.1200,0.1682,1.4861,6.82
1m5w,18.0025,27.3300,-136.6500,7.1531,2.1744,4.27
1rd4,39.2436,47.2680,-236.3400,2.3281,5.6963,7.74
1bxr,71.6636,83.2720,-416.3600,8.3484,3.2600,3.4
1pyn,44.9680,51.7200,-258.6000,1.0067,5.7453,5.49
2bpv,41.9159,46.5100,-232.5500,1.0001,3.5940,7.67
1lnm,46.3031,47.7000,-238.5000,0.0650,1.3318,8.7
2ces,42.8219,48.0700,-240.3500,3.8793,1.3688,7.25
2arm,5.9069,16.3620,-81.8100,7.9307,2.5244,8.13
1cgl,43.3812,51.5340,-257.6700,3.1007,5.0521,6.87
1elr,34.7818,43.2000,-216.0000,0.5698,7.8484,4.96
1ik4,39.2073,42.6920,-213.4600,2.8600,0.6246,7.41
1o2q,34.9219,41.1860,-205.9300,2.4383,3.8258,7.68
1tnh,15.2359,15.4580,-77.2900,0.1334,0.0887,3.37
1r9l,27.6369,31.1700,-155.8500,1.2124,2.3207,5.4
1ocq,45.9828,46.9300,-234.6500,0.2391,0.7081,5.19
1sqt,25.9487,30.5480,-152.7400,2.4498,2.1495,6.2
1ssq,18.8472,19.3200,-96.6000,0.4154,0.0574,6
1oif,38.8146,39.2820,-196.4100,0.3947,0.0727,7.72
1os5,34.4986,35.6740,-178.3700,0.0000,1.1754,6.85
1e1x,25.7968,26.6500,-133.2500,0.5625,0.2907,5.89
1xh9,56.5993,61.0080,-305.0400,2.0612,2.3475,7.77
1fpc,48.9768,52.6560,-263.2800,0.7477,2.9316,7
1b6l,39.8325,47.0060,-235.0300,2.6005,4.5731,8.3
1bnt,34.2869,38.6020,-193.0100,1.6717,2.6434,9.8
1hbv,31.9072,41.5060,-207.5300,4.2650,5.3338,6.37
1bn4,30.6761,37.7640,-188.8200,4.4779,2.6100,9.31
1wm1,19.0108,29.1220,-145.6100,9.7091,0.4021,6.3
4rsk,28.3721,30.7300,-153.6500,0.5600,1.7979,4.32
1c1v,35.1477,42.8840,-214.4200,5.6683,2.0680,7.64
1i9m,20.1228,29.0400,-145.2000,4.5907,4.3265,8.48
1rbp,30.7073,31.7780,-158.8900,0.5192,0.5515,6.72
1x8r,58.4493,67.5280,-337.6400,5.5966,3.4820,6.12
1x8j,23.9131,23.9160,-119.5800,0.0029,0.0000,6.96
1nfx,45.6441,48.4540,-242.2700,0.8146,1.9953,8.52
1h1s,34.0920,37.4920,-187.4600,0.5466,2.8534,8.22
1g2o,40.5765,41.7460,-208.7300,0.0838,1.0856,10.55
1hi3,23.4497,26.6340,-133.1700,0.0491,3.1352,4.19
1dzk,10.3461,15.5700,-77.8500,3.3783,1.8455,6.1
1rpj,42.6546,43.1420,-215.7100,0.4779,0.0095,6.48
1i00,26.8311,28.2060,-141.0300,0.0115,1.3634,6.34
1qy1,25.8519,26.8320,-134.1600,0.0000,0.9801,6.52
1dy4,47.4752,48.7400,-243.7000,0.0038,1.2610,4.36
1pkx,55.8803,60.7100,-303.5500,3.5174,1.3123,6.92
1no6,18.3185,31.2760,-156.3800,5.5531,7.4043,4.41
1w96,41.3416,42.8380,-214.1900,0.0727,1.4237,8.41
1e2l,39.0958,42.9960,-214.9800,2.7239,1.1763,4.29
1bnq,32.4156,37.1360,-185.6800,3.1715,1.5489,9.49
1fq5,60.8198,66.5180,-332.5900,3.4987,2.1995,8.4
1hvi,59.7523,65.2860,-326.4300,2.0227,3.5111,10.92
1ogx,30.8926,31.1180,-155.5900,0.2254,0.0000,6.09
1ugp,7.4022,13.4700,-67.3500,5.6529,0.4149,2.89
1dl7,26.1442,33.9480,-169.7400,5.6129,2.1908,6.49
1ppi,74.9588,82.5520,-412.7600,2.0702,5.5230,5.01
4er1,57.8712,68.5180,-342.5900,4.5382,6.1085,6.62
1yqy,40.2713,49.6940,-248.4700,7.1618,2.2609,7.62
2bq7,34.8964,40.6620,-203.3100,2.8335,2.9320,7.05
1cnw,26.5060,31.5640,-157.8200,3.0060,2.0520,7.72
1uz4,33.6377,35.7900,-178.9500,2.1482,0.0041,3.4
1h0a,36.9281,41.4040,-207.0200,1.2631,3.2129,5.44
1ony,32.2734,45.0300,-225.1500,4.8433,7.9133,6.77
1a1e,37.3963,41.5540,-207.7700,1.0973,3.0604,6
1amw,18.4981,28.1080,-140.5400,6.2089,3.4010,4.54
2fw6,18.1501,23.0080,-115.0400,3.4946,1.3633,2.92
1bzj,40.0805,48.4180,-242.0900,7.6104,0.7271,4.66
1o86,44.0284,54.3980,-271.9900,5.8729,4.4967,9.57
1gi1,33.9827,36.0400,-180.2000,1.8953,0.1620,5.47
1qft,37.0714,38.6640,-193.3200,1.2468,0.3457,8.77
1v2t,30.7071,33.7940,-168.9700,0.0840,3.0030,4.71
1gi7,28.2381,30.6880,-153.4400,0.7942,1.6557,4.51
1g4j,28.2552,33.0020,-165.0100,1.0902,3.6566,8.7
1c70,54.0080,58.4240,-292.1200,0.3362,4.0799,10.3
1m2p,26.4079,30.8920,-154.4600,2.9900,1.4940,6.11
1g98,29.0182,32.8940,-164.4700,3.8367,0.0392,5.7
1duv,44.8668,46.2020,-231.0100,0.0000,1.3352,11.8
1ado,11.9230,16.7760,-83.8800,3.4332,1.4198,6
1cnx,31.2574,33.8520,-169.2600,0.3809,2.2136,7.37
1gaf,39.8935,41.4640,-207.3200,0.0744,1.4961,8
1pzi,32.4636,34.4260,-172.1300,1.5550,0.4074,4.22
1k1l,39.7116,46.9560,-234.7800,4.0668,3.1776,6.9
1b6h,58.1224,64.0800,-320.4000,2.4712,3.4865,7.82
1bwb,67.2890,76.3160,-381.5800,4.2354,4.7916,8.42
1sdt,51.2131,55.8240,-279.1200,0.7825,3.8284,9.27
1c5n,21.7311,23.1600,-115.8000,1.4287,0.0002,4.7
1gja,33.5732,37.4020,-187.0100,0.7218,3.1070,5.42
1drj,33.6523,33.8380,-169.1900,0.1857,0.0000,7.4
2evl,54.9475,59.7660,-298.8300,0.4614,4.3570,6.7
1b52,56.5346,60.4620,-302.3100,1.1304,2.7970,7.12
2j2u,35.3791,42.4240,-212.1200,3.6776,3.3672,7.33
1mai,32.6711,36.4740,-182.3700,0.4748,3.3280,6.68
1sqo,34.1864,35.6640,-178.3200,0.8069,0.6707,7.46
1hmr,26.6968,27.9760,-139.8800,0.0089,1.2703,6.55
1f4x,37.0937,39.8280,-199.1400,0.8812,1.8532,5.59
1tys,48.2008,50.3680,-251.8400,1.3817,0.7855,5.49
1p1o,34.6482,35.6260,-178.1300,0.2122,0.7656,5.76
1fzq,59.6275,60.4160,-302.0800,0.4068,0.3817,7.62
1w5x,67.7613,75.1420,-375.7100,3.2137,4.1670,8.4
2amt,41.8151,52.4940,-262.4700,5.8272,4.8517,4.44
1lkl,47.6431,52.4640,-262.3200,0.0178,4.8031,5.81
5std,52.0434,53.5940,-267.9700,0.1739,1.3767,10.49
1gjd,31.0925,37.6820,-188.4100,1.2896,5.2999,5.22
2h5a,33.7923,35.3300,-176.6500,0.9304,0.6073,5.1
2ypi,18.0103,22.9560,-114.7800,4.3075,0.6382,4.82
1n5r,29.2321,31.9820,-159.9100,0.9597,1.7902,5.66
2f7o,35.6025,39.9620,-199.8100,3.1669,1.1925,7.44
1srg,36.6392,46.4060,-232.0300,8.0233,1.7435,5.3
1jn4,55.1144,59.4940,-297.4700,1.1921,3.1875,4.95
1eld,23.5469,43.4260,-217.1300,14.5086,5.3705,6.7
1zhy,32.8601,34.2320,-171.1600,0.0202,1.3517,6.52
2j79,40.4216,47.1880,-235.9400,6.6664,0.1000,5.96
1i5r,61.3033,72.2220,-361.1100,9.4616,1.4570,8.52
1o33,32.2829,34.0560,-170.2800,0.0402,1.7329,5.74
1ciz,48.9649,59.8960,-299.4800,7.5766,3.3544,7.44
2aqu,47.2155,57.3680,-286.8400,4.4390,5.7135,9.32
1zpa,17.1986,44.3640,-221.8200,13.4802,13.6852,8.4
1ax0,24.3031,24.4880,-122.4400,0.0869,0.0980,3.13
2hf8,76.7016,83.6760,-418.3800,3.8383,3.1361,5.47
1gjc,37.2601,39.7100,-198.5500,0.2032,2.2467,6.35
1nvr,37.7401,40.4580,-202.2900,1.6277,1.0903,8.11
2bys,55.1040,59.7340,-298.6700,2.1230,2.5070,9.52
1hih,49.3774,53.6100,-268.0500,1.2562,2.9765,8.05
1fv0,29.1554,38.0880,-190.4400,3.7572,5.1754,5.93
2i3i,41.5012,46.0520,-230.2600,0.1363,4.4145,7.3
2h4k,28.4312,32.0140,-160.0700,1.0853,2.4975,5.49
1gwv,39.5557,40.5740,-202.8700,0.0126,1.0057,2.57
1c5q,28.2902,28.3520,-141.7600,0.0509,0.0109,6.36
1f57,20.7282,20.9420,-104.7100,0.0693,0.1445,5.64
1adl,22.0173,23.1140,-115.5700,0.0000,1.0967,5.36
1ai7,14.9600,17.4680,-87.3400,2.5080,0.0000,4.09
1ta6,43.2084,48.8000,-244.0000,1.5207,4.0709,9.13
1hpv,35.4430,41.3400,-206.7000,0.8655,5.0315,9.22
1o2j,38.0002,41.2580,-206.2900,2.4971,0.7607,6.92
1v2u,28.4490,28.7120,-143.5600,0.2222,0.0408,3.37
1nh0,51.9849,66.4880,-332.4400,3.6235,10.8796,9.74
1drk,34.7532,34.9760,-174.8800,0.2228,0.0000,6.82
1zoh,23.7262,25.8900,-129.4500,2.1638,0.0000,7
1pme,27.9612,33.9040,-169.5200,2.6597,3.2832,9.4
1uou,28.8647,30.3020,-151.5100,1.3712,0.0660,7.7
1add,45.7401,48.0320,-240.1600,1.9185,0.3734,6.74
1b4h,54.8620,60.8280,-304.1400,2.2482,3.7178,5.46
1uz8,44.5806,47.4740,-237.3700,0.0009,2.8925,4.96
1uj6,26.9733,30.9780,-154.8900,2.5880,1.4167,3.05
1fo0,94.8326,111.0400,-555.2000,5.8932,10.3142,5.59
1uj5,29.1607,33.2780,-166.3900,3.7233,0.3940,3.05
2f34,28.5829,32.4580,-162.2900,0.3145,3.5606,6.89
1h46,35.6871,42.0340,-210.1700,4.6234,1.7235,3.57
1q65,38.8371,41.5960,-207.9800,1.9635,0.7954,5.46
2ewb,11.8393,15.5700,-77.8500,2.7082,1.0225,6.1
2aoc,64.8885,70.1240,-350.6200,0.7708,4.4647,4.89
5tmp,86.5672,94.8480,-474.2400,4.2075,4.0733,7.47
1cet,21.4177,22.3180,-111.5900,0.5685,0.3319,2.89
2bfq,61.0930,65.1160,-325.5800,0.9609,3.0620,6.89
1d4k,48.7385,56.2000,-281.0000,2.6107,4.8508,9.22
2afw,25.3346,28.2880,-141.4400,2.5783,0.3751,4.77
1qbt,70.4376,78.8520,-394.2600,3.6633,4.7511,10.62
1lyb,47.9811,60.2420,-301.2100,2.4907,9.7702,11.42
2h4n,20.4771,23.8000,-119.0000,0.8731,2.4499,8.7
1d9i,23.9429,37.2200,-186.1000,6.5782,6.6989,9.11
1pvn,45.7751,51.2000,-256.0000,3.2597,2.1652,9.82
1sln,47.5929,54.4460,-272.2300,2.3887,4.4643,6.64
1w5w,69.4237,73.9740,-369.8700,1.7294,2.8208,8.8
2hu6,29.5470,34.5860,-172.9300,3.9635,1.0755,3.81
1sgu,44.0560,46.6180,-233.0900,0.1476,2.4143,5.37
1n46,48.2799,52.0920,-260.4600,1.6165,2.1956,10.52
1f0s,40.0300,43.3720,-216.8600,1.1123,2.2297,7.74
1hmt,26.0475,27.4540,-137.2700,0.0073,1.3991,5.79
1jet,54.5669,59.1240,-295.6200,1.0005,3.5566,7.25
1grp,23.7745,28.8960,-144.4800,2.6972,2.4243,3.72
2qwf,35.6035,41.5240,-207.6200,2.6601,3.2604,5.67
1c88,32.0762,39.8540,-199.2700,4.3452,3.4326,5.29
1c87,29.4410,37.5440,-187.7200,5.2014,2.9016,4.2
1swr,36.9316,39.1200,-195.6000,1.7303,0.4581,6.92
1kzn,32.2878,37.8140,-189.0700,1.8158,3.7104,8.92
1ecq,20.8213,34.9580,-174.7900,12.9052,1.2315,3
1ksn,59.7636,64.2660,-321.3300,2.8355,1.6670,9.4
1egh,30.9641,33.9780,-169.8900,2.7716,0.2423,5.7
1c3x,24.7476,26.7260,-133.6300,1.9784,0.0000,3.68
1nfu,29.2763,34.4240,-172.1200,3.3960,1.7517,7.74
1hsh,43.4179,48.2440,-241.2200,0.1103,4.7159,9.42
1hvk,64.9391,71.3200,-356.6000,2.1646,4.2163,10.96
1c86,31.7053,38.6120,-193.0600,4.7503,2.1564,4.7
1w7g,45.9309,51.8940,-259.4700,1.8903,4.0728,5.1
2cht,25.4898,28.2800,-141.4000,1.7256,1.0647,5.52
1hps,45.0556,53.2240,-266.1200,4.3330,3.8354,9.22
1atl,22.5356,32.8260,-164.1300,6.4098,3.8806,6.28
3gst,53.9076,57.0660,-285.3300,0.5115,2.6470,6.72
1g7v,6.6336,23.3980,-116.9900,12.1498,4.6147,6.4
2aac,28.3047,28.6820,-143.4100,0.3773,0.0000,2.22
1sdv,48.1918,52.9520,-264.7600,0.7410,4.0192,8.74
1hvs,54.7850,60.2920,-301.4600,2.4002,3.1068,10.3
1g48,31.1272,33.5200,-167.6000,0.9580,1.4348,8.41
1ur9,58.8154,69.4420,-347.2100,4.2004,6.4262,5.77
1lgw,17.3560,17.3560,-86.7800,0.0000,0.0000,4
1g36,43.9622,47.4320,-237.1600,2.4666,1.0032,7.17
1e2k,38.8587,42.6680,-213.3400,2.8129,0.9964,4.94
2aod,60.9312,68.6480,-343.2400,2.7654,4.9514,5.66
1nwl,5.4598,18.1560,-90.7800,6.7927,5.9035,2.39
1bnn,31.3815,38.7340,-193.6700,4.7790,2.5735,10
1nz7,36.9147,50.1800,-250.9000,4.4088,8.8565,7.12
1aj7,34.0971,39.8880,-199.4400,2.9948,2.7960,3.87
1b3f,65.7477,71.3900,-356.9500,2.2772,3.3651,6.89
1g1d,31.7516,34.6760,-173.3800,1.4633,1.4611,9.44
1njs,54.5231,60.2780,-301.3900,0.8596,4.8953,7.82
1o30,39.0866,47.2000,-236.0000,1.7225,6.3909,6.77
1d7i,11.2456,13.4140,-67.0700,2.0394,0.1290,3.6
2cf9,51.2404,52.9600,-264.8000,0.0529,1.6668,7.82
1jao,42.1165,45.3520,-226.7600,1.2629,1.9726,5.92
1g2l,59.8729,64.6060,-323.0300,1.4459,3.2871,7.24
2f81,32.0031,44.7760,-223.8800,8.4705,4.3024,10.52
1xq0,36.8419,39.7440,-198.7200,0.4652,2.4369,6.34
1yfz,34.0824,36.1020,-180.5100,1.4811,0.5386,4.35
1o2z,41.0801,47.5500,-237.7500,2.9043,3.5656,6.11
1i9p,24.0755,34.7780,-173.8900,4.9407,5.7618,8.41
2fqw,52.8580,53.7980,-268.9900,0.2188,0.7211,6.68
1i9l,29.2774,32.1840,-160.9200,1.5011,1.4055,8.48
1q1g,36.0103,37.1420,-185.7100,0.7846,0.3471,8.57
1xgi,14.4302,24.3500,-121.7500,5.3446,4.5752,4.85
1uvt,43.6443,45.9280,-229.6400,0.5628,1.7209,7.64
1t7d,26.8810,39.6120,-198.0600,3.4910,9.2400,6.03
2gv7,49.3570,58.4540,-292.2700,1.3911,7.7059,7.85
1fch,41.5424,47.6160,-238.0800,0.0944,5.9792,7.15
1c5p,26.5955,26.9540,-134.7700,0.1214,0.2371,4.68
1m7y,67.4793,72.3400,-361.7000,0.8012,4.0594,10.96
1oar,46.3067,55.6900,-278.4500,6.9492,2.4342,7.4
1dif,53.7810,66.8620,-334.3100,0.7818,12.2992,10.66
1gnm,32.4137,48.3980,-241.9900,10.3871,5.5972,6.25
2euk,69.7569,74.0020,-370.0100,0.2930,3.9521,6.6
1gvx,66.8406,73.8020,-369.0100,0.0189,6.9426,7.22
2afx,22.0926,26.3540,-131.7700,3.8845,0.3769,5.15
1qbn,47.8066,50.3820,-251.9100,0.3483,2.2271,5.85
1njc,40.0030,45.5360,-227.6800,4.9538,0.5793,5.55
2fqy,56.2830,58.8320,-294.1600,1.8125,0.7365,6.57
1ctt,37.4682,40.7760,-203.8800,1.5911,1.7167,4.52
2fgv,47.0649,54.6860,-273.4300,3.8777,3.7433,6.12
1tkb,57.0963,67.5000,-337.5000,6.4813,3.9223,8
1qin,48.0526,60.2920,-301.4600,7.0712,5.1682,8
1hms,25.6120,27.0220,-135.1100,0.0000,1.4100,6.37
1xpz,28.0400,31.2380,-156.1900,1.0325,2.1656,7.08
1e6q,40.0769,42.9040,-214.5200,1.4542,1.3729,3.15
1d4l,44.1502,48.7260,-243.6300,1.6911,2.8847,8.77
1i9q,30.7624,33.5620,-167.8100,1.2422,1.5574,8.41
1q84,103.9107,106.3600,-531.8000,0.3577,2.0916,11.05
1b40,62.8963,67.4220,-337.1100,1.1566,3.3691,7.28
1bv7,66.9456,72.2520,-361.2600,0.7734,4.5330,9.3
1vyf,22.8641,25.9740,-129.8700,0.1334,2.9765,8.05
5yas,21.0070,24.3680,-121.8400,0.0000,3.3610,3.26
2dri,35.1270,35.3060,-176.5300,0.1790,0.0000,6.89
2bfr,45.1105,48.5280,-242.6400,0.8745,2.5430,5.25
1gcz,33.8686,39.2300,-196.1500,3.2272,2.1342,5.13
2avq,60.6759,67.8240,-339.1200,2.6626,4.4855,4.39
1c1u,40.1266,41.6120,-208.0600,0.9881,0.4973,8.25
1b0h,71.8050,77.5020,-387.5100,1.8651,3.8319,6.7
1x8t,50.2951,60.4580,-302.2900,5.9410,4.2219,7.8
2izl,36.0490,37.8420,-189.2100,1.0979,0.6951,6
1b3l,52.3901,55.8580,-279.2900,0.1660,3.3020,5.89
2qwc,31.9390,35.2560,-176.2800,3.2473,0.0697,3.55
1wvj,38.5899,39.4700,-197.3500,0.7774,0.1028,6.73
2fx6,18.1964,19.6420,-98.2100,1.4456,0.0000,3.7
1b8y,43.6856,50.0260,-250.1300,4.3478,1.9926,7.85
1ex8,92.3556,108.0380,-540.1900,4.0290,11.6534,6.33
1b3g,57.4861,62.8360,-314.1800,2.2559,3.0940,6.7
1xd0,73.9267,82.3600,-411.8000,3.8344,4.5989,7.12
2f35,27.7032,31.2060,-156.0300,0.0004,3.5024,5.4
1b3h,61.3614,65.7160,-328.5800,1.3559,2.9987,6.21
2iko,41.4445,43.7200,-218.6000,0.0038,2.2717,5.45
1lah,28.3076,28.8220,-144.1100,0.1303,0.3840,7.52
1kav,36.9035,45.5820,-227.9100,5.3202,3.3583,5.82
1b5j,61.9989,66.5360,-332.6800,1.2645,3.2726,7.43
4ts1,19.0294,23.6820,-118.4100,4.4288,0.2237,4.94
1o0n,28.0932,29.2640,-146.3200,0.1311,1.0397,4.09
1nm6,49.1279,50.7420,-253.7100,1.4597,0.1544,10.05
1kc7,12.1687,22.7880,-113.9400,9.8418,0.7776,5.52
1fao,30.3418,39.8980,-199.4900,1.9704,7.5857,7.37
1i9o,30.2392,36.8140,-184.0700,2.6360,3.9388,8.42
2j34,33.7287,40.0300,-200.1500,3.4612,2.8400,7.82
3aid,30.3407,35.9580,-179.7900,0.0310,5.5864,6.86
1nt1,43.3311,47.0960,-235.4800,3.6661,0.0988,8.89
1bv9,61.9114,70.0060,-350.0300,3.3820,4.7127,8.96
1nl9,32.8437,43.9340,-219.6700,4.5889,6.5014,5.96
1mu6,42.5235,46.2060,-231.0300,1.7178,1.9647,8.38
1mfd,39.8276,45.5840,-227.9200,0.1412,5.6152,5.31
1mmq,43.3110,49.4260,-247.1300,5.4110,0.7039,7.52
1xge,25.6131,28.0160,-140.0800,2.3994,0.0035,4.68
1msn,44.9647,54.8380,-274.1900,5.9544,3.9189,9.09
1bzy,66.3868,70.5160,-352.5800,2.7179,1.4114,8.34
1ohr,38.8394,43.6040,-218.0200,0.6819,4.0827,8.7
2bqv,44.1428,50.0280,-250.1400,3.3021,2.5831,8.05
1k1y,65.6061,71.3420,-356.7100,1.0430,4.6929,3.22
1mfi,23.3553,30.3380,-151.6900,3.9094,3.0734,5.59
2ccc,35.2960,35.2960,-176.4800,0.0000,0.0000,7.76
1li3,17.4280,17.4280,-87.1400,0.0000,0.0000,4.25
1utm,11.0101,11.3620,-56.8100,-0.0000,0.3519,3.01
1igb,42.0369,50.6520,-253.2600,7.3159,1.2992,6.4
1xhy,30.6571,33.0720,-165.3600,1.0675,1.3474,6.18
1lf2,46.0389,53.4100,-267.0500,4.9860,2.3851,7.52
1a8i,29.1616,29.1900,-145.9500,0.0015,0.0270,5.52
4std,39.0410,39.5660,-197.8300,0.0000,0.5250,10.33
1lag,34.6399,37.6400,-188.2000,2.6735,0.3265,6.3
1dfo,46.8145,53.7080,-268.5400,5.1369,1.7566,6.7
2ans,21.9674,25.1600,-125.8000,1.2765,1.9161,5.92
1ui0,25.2709,27.6080,-138.0400,2.3371,0.0000,7.06