name,TOTAL_SCORE,SCORE_RB_PEN,SCORE_NORM_HEVATOMS,SCORE_NORM_CRT_HEVATOMS,SCORE_NORM_WEIGHT,SCORE_NORM_CRT_WEIGHT,SCORE_RB_PEN_NORM_CRT_HEVATOMS,SCORE_NORM_CONTACT,PLPtotal,PLPparthbond,PLPpartsteric,PLPpartmetal,PLPpartrepulsive,PLPpartburpolar,LIG_NUM_CLASH,LIG_NUM_CONTACT,LIG_NUM_NO_CONTACT,CHEMPLP_CLASH2,TRIPOS_TORS,affinity
1n2v,-56.0687,-50.0687,-3.73791,-22.7347,-0.27057800000000004,-9.474969999999999,-20.3018,-3.73791,-39.0218,-5.51585,-33.2706,0.0,2.0466,0.0,2,13,0,0.0,2.0193,4.08
2qmj,-68.1926,-50.1926,-1.5498299999999998,-19.3161,-0.10546099999999999,-7.88599,-14.2175,-2.0056700000000003,-61.4156,-21.353,-41.6987,0.0,0.043998199999999994,-0.05,4,33,7,0.0,10.7589,4.21
1qi0,-54.3062,-46.3062,-2.3611400000000002,-19.0959,-0.158653,-7.7633399999999995,-16.2828,-2.58601,-41.7769,-22.1474,-22.2832,0.0,0.0,-0.0198328,1,22,0,0.0,3.91024,2.35
1lor,-73.7549,-65.7549,-3.3525,-26.3219,-0.218754,-10.5969,-23.4668,-3.3525,-58.2981,-26.121,-32.1169,0.0,0.331509,0.0,1,21,0,0.0,1.30765,11.06
2jdy,-63.7703,-59.7703,-4.90541,-27.1209,-0.328405,-11.0124,-25.4197,-4.90541,-46.9025,-22.9027,-13.3574,-16.0,5.89006e-05,0.0,4,9,0,0.0,1.0329700000000002,4.37
1h23,-116.145,-86.1454,-3.22626,-35.175,-0.233823,-14.6655,-26.0894,-3.22626,-108.46700000000001,-6.94503,-99.9395,0.0,0.142101,0.0,2,34,0,0.034843,9.63808,8.35
1bcu,-61.9324,-61.9324,-3.87077,-24.5779,-0.294557,-10.4152,-24.5779,-3.87077,-42.9294,-3.3738699999999997,-35.2831,0.0,0.11929200000000001,0.0,0,16,0,0.0,0.0,3.28
3myg,-70.7503,-54.7503,-2.35834,-22.7696,-0.165476,-9.3914,-17.6203,-2.35834,-58.3664,-4.50858,-56.2199,0.0,1.58837,-0.0446855,3,27,0,0.0,5.56447,10.7
3coy,-97.4463,-81.4463,-3.14343,-31.0202,-0.212075,-12.6282,-25.9269,-3.14343,-82.3779,-18.6293,-57.9913,0.0,0.9173370000000001,-0.027462900000000002,1,30,0,0.0,2.2347,6.02
3g2z,-34.6722,-30.6722,-2.66709,-14.7458,-0.19458699999999998,-6.161580000000001,-13.0446,-2.66709,-18.5086,-6.50747,-11.4165,0.0,0.166659,0.0,0,13,0,0.0,2.96627,2.36
2yge,-40.5247,-30.5247,-1.01312,-11.8495,-0.07228430000000001,-4.91467,-8.92548,-1.01312,-50.4995,-5.97684,-45.8041,0.0,1.08026,-0.032583999999999995,2,38,0,14.1662,14.6712,5.06
2cet,-82.1121,-74.1121,-3.7323699999999995,-29.3044,-0.268913,-12.1939,-26.4493,-3.7323699999999995,-72.0006,-25.0577,-50.1942,0.0,0.010032,0.0,4,18,0,4.02124,1.04959,8.02
2ymd,-78.9992,-74.9992,-6.07686,-33.5976,-0.445759,-14.0642,-31.8964,-6.07686,-61.6316,-10.0,-48.6907,0.0,0.0329644,-0.00708234,1,12,0,0.0,0.389937,3.16
3f3a,-63.9969,-57.9969,-4.2664599999999995,-25.9495,-0.313363,-10.8673,-23.5166,-4.2664599999999995,-48.6065,-12.3756,-45.4383,0.0,0.343531,0.0,2,13,0,0.0,1.46665,4.19
2xys,-90.2631,-90.2631,-3.6105199999999997,-30.8695,-0.267502,-12.9653,-30.8695,-3.6105199999999997,-72.1754,-2.0,-68.7824,0.0,0.00292435,-0.014486099999999998,1,24,0,0.0,0.0,7.42
3nw9,-118.27,-106.27,-3.11236,-35.1786,-0.22678600000000002,-14.6934,-31.6093,-3.11236,-107.916,-21.1265,-95.5788,0.0,0.287096,-0.00944738,6,32,0,0.0,4.3034300000000005,9
2iwx,-66.0815,-66.0815,-2.75339,-22.9092,-0.187844,-9.36092,-22.9092,-2.75339,-47.2844,-3.67248,-42.1355,0.0,0.0892827,0.0,2,22,0,0.0,0.0,6.68
1vso,-61.7015,-47.7015,-2.93817,-22.3643,-0.19147,-8.99976,-17.2899,-2.93817,-46.4496,-17.2941,-28.3788,0.0,0.266696,-0.00829463,1,20,0,0.0,2.3882,4.72
4de2,-67.3836,-57.3836,-2.80765,-23.3606,-0.20902300000000001,-9.8273,-19.8938,-2.80765,-52.119,-12.2605,-35.5887,0.0,0.28713,0.0,0,24,0,0.0,2.14737,4.12
4tmn,-99.4414,-71.4414,-2.76226,-30.1162,-0.197492,-12.4995,-21.6363,-2.76226,-90.684,-21.6153,-67.5251,-8.0,4.18985,0.0,3,33,0,0.0,8.00415,10.17
1mq6,-101.105,-85.1052,-2.80848,-30.6201,-0.177422,-12.1951,-25.7744,-2.80848,-102.819,-3.48717,-99.2755,0.0,1.17674,-0.0346179,2,34,0,0.0,17.3256,11.15
3gy4,-55.9292,-53.9292,-5.5929199999999994,-25.96,-0.4107,-10.8709,-25.0317,-5.5929199999999994,-37.0967,-10.238999999999999,-24.8064,0.0,0.164069,-0.000964427,0,10,0,0.0,0.581957,5.1
3b68,-98.6899,-82.6899,-3.18355,-31.4161,-0.223602,-12.9621,-26.3228,-3.18355,-99.3631,-10.0779,-97.9697,0.0,1.08056,0.0,7,24,0,11.5394,5.616569999999999,8.4
3fcq,-38.8668,-32.8668,-2.7762,-16.1263,-0.201203,-6.72352,-13.6369,-2.7762,-25.2204,-2.4881900000000003,-28.6007,-8.0,6.2658,0.0,5,9,0,0.0,4.95021,2.77
4gid,-131.842,-99.84200000000001,-2.80515,-36.5332,-0.19771,-15.0908,-27.666,-2.80515,-132.945,-19.6695,-124.868,0.0,0.221965,0.0,8,39,0,4.026619999999999,11.870999999999999,10.77
3ebp,-84.4937,-80.4937,-3.01763,-27.8252,-0.20974600000000002,-11.4406,-26.5079,-3.37975,-72.3534,0.0,-69.2508,0.0,0.0249027,-0.05,0,25,3,2.0729900000000003,2.37831,5.91
3u9q,-61.5611,-45.5611,-5.13009,-26.8893,-0.359477,-11.0857,-19.9006,-5.13009,-52.5059,-7.88595,-43.2515,0.0,0.00546138,-0.05,0,12,0,0.0,8.921510000000001,4.38
3e93,-116.87700000000001,-106.87700000000001,-3.15885,-35.0749,-0.23488,-14.7492,-32.0739,-3.15885,-105.979,-8.0,-96.0994,0.0,0.40881100000000004,0.0,1,36,0,0.0,6.4844,8.85
3k5v,-70.7571,-58.7571,-2.62063,-23.5857,-0.189026,-9.81795,-19.5857,-2.62063,-60.2862,0.0,-62.4126,0.0,0.0182033,-0.0135031,3,24,0,0.0,8.84346,6.3
2wbg,-77.9377,-63.9377,-3.54262,-27.8146,-0.245549,-11.4256,-22.8183,-3.54262,-63.4982,-16.9283,-52.5965,0.0,0.030873400000000002,0.0,5,17,0,0.0,1.8625599999999998,4.45
1z95,-98.3662,-84.3662,-3.39194,-32.0169,-0.22856100000000001,-13.0286,-27.4601,-3.5130800000000004,-90.4516,-5.96978,-85.7352,0.0,0.132928,0.0,3,25,0,0.6767270000000001,8.2227,7.12
2fvd,-72.1337,-60.1337,-2.40446,-23.2148,-0.163399,-9.47345,-19.3528,-2.40446,-64.0641,-7.24299,-55.06399999999999,0.0,0.309448,0.0,3,27,0,0.0,8.54888,8.52
3pxf,-53.5928,-49.5928,-2.5520400000000003,-19.4253,-0.179645,-8.02065,-17.9754,-2.5520400000000003,-39.1799,-4.0,-35.0917,0.0,0.0209401,-0.00604858,1,20,0,0.0,4.62765,4.43
3cyx,-116.271,-90.2709,-2.37288,-31.774,-0.173061,-13.2754,-24.6689,-2.37288,-106.551,-12.5615,-92.6498,0.0,0.602184,0.0,3,46,0,0.0,7.016139999999999,8
3gnw,-94.6861,-84.6861,-2.15196,-26.8206,-0.154291,-11.1422,-23.988000000000003,-2.2544299999999997,-83.1137,-9.38152,-71.0484,0.0,0.133466,0.0,2,41,1,0.0,5.57261,9.1
3f3c,-66.896,-60.896,-5.14585,-28.4502,-0.365193,-11.779000000000002,-25.8985,-5.14585,-50.7154,-14.0265,-37.9807,0.0,0.314197,0.0,5,8,0,0.0,1.5444,6.02
1oyt,-93.7356,-85.7356,-3.12452,-30.1669,-0.22948000000000002,-12.6333,-27.5923,-3.12452,-77.3561,-10.0,-65.3133,0.0,0.32435,-0.0299622,2,28,0,0.0,1.64306,7.24
3n86,-103.235,-93.2355,-4.4885,-36.3011,-0.322295,-15.0882,-32.7847,-4.4885,-90.7374,-24.0027,-65.2034,0.0,0.21818800000000002,0.0,1,22,0,0.0,2.77248,5.64
3uex,-63.3009,-31.3009,-3.1650400000000003,-23.3202,-0.223315,-9.63635,-11.5313,-3.1650400000000003,-57.2255,0.0,-57.5082,0.0,0.0563472,0.0,1,19,0,0.0,13.2095,6.92
2brb,-65.5679,-55.5679,-2.6227099999999997,-22.4239,-0.197871,-9.4752,-19.0039,-2.6227099999999997,-54.6441,-1.0097399999999999,-54.7171,0.0,0.134353,-0.014098699999999999,2,23,0,0.0,8.26628,4.86
3kgp,-44.7178,-40.7178,-4.06525,-20.1071,-0.295827,-8.394589999999999,-18.3085,-4.06525,-26.3305,-3.24842,-23.9363,0.0,0.0795234,0.0,1,10,0,0.0,0.36277600000000004,2.57
3ivg,-81.1646,-67.1646,-2.79878,-26.4181,-0.196327,-10.8953,-21.8612,-2.79878,-69.4675,-7.8586,-65.5751,0.0,1.1457,0.0,5,24,0,0.375442,5.51917,4.3
3dxg,-40.3301,-32.3301,-1.92048,-14.618,-0.124405,-5.87081,-11.7184,-2.37236,-22.6616,-4.61148,-17.5431,0.0,0.21452399999999996,0.0,1,16,4,0.0,1.62029,2.4
2y5h,-87.1973,-75.1973,-2.81282,-27.7576,-0.18752,-11.2552,-23.9377,-2.81282,-71.0519,-0.998124,-68.1507,0.0,0.160218,0.0,1,30,0,0.0,0.854197,5.79
3g0w,-95.214,-89.214,-3.96725,-33.0089,-0.264679,-13.3877,-30.9288,-4.13974,-77.5401,-2.0,-81.8334,0.0,0.0589192,0.0,6,17,0,0.0,0.876346,9.52
1yc1,-71.0107,-63.0107,-2.63003,-23.6702,-0.19331600000000002,-9.915289999999999,-21.0036,-2.63003,-57.3652,-6.29462,-47.9886,0.0,0.192157,-0.00817742,1,26,0,0.0,4.4215,6.17
3ozt,-113.925,-101.925,-3.675,-36.2659,-0.262881,-15.0545,-32.446,-3.675,-101.988,-19.574,-81.0382,-8.0,0.14544100000000001,-0.00211878,4,27,0,0.0,3.8631,4.13
1w4o,-50.6889,-42.6889,-2.41376,-18.3727,-0.156358,-7.37874,-15.472999999999999,-2.41376,-36.2109,-14.0,-23.5922,0.0,0.280352,0.0,3,18,0,0.0,4.4524300000000006,5.22
3uri,-86.3762,-30.3762,-1.32886,-21.4827,-0.0931643,-8.85821,-7.5549,-1.37105,-89.1148,-14.4648,-73.4633,0.0,0.28671399999999997,0.0,5,59,1,0.0,19.5959,9
3fv1,-86.0284,-76.0284,-4.09659,-31.1819,-0.279928,-12.748,-27.5573,-4.09659,-74.0953,-29.228,-45.7906,0.0,0.541888,0.0,3,18,0,0.0,3.6755400000000003,9.3
2wca,-70.1325,-56.1325,-2.5975,-23.3775,-0.183889,-9.670860000000001,-18.7108,-2.5975,-56.0364,-11.3898,-41.4265,0.0,0.064313,0.0,1,26,0,0.0,2.41888,5.6
1nvq,-101.24600000000001,-97.2457,-2.81238,-30.6626,-0.20938600000000002,-12.8993,-29.4512,-2.81238,-86.4301,-10.0,-76.9336,0.0,0.184556,-0.010690799999999999,2,34,0,0.0,3.22315,8.25
2w66,-62.9852,-58.9852,-3.93658,-24.9957,-0.26772399999999996,-10.2028,-23.4083,-3.93658,-47.4032,-17.3486,-29.6422,0.0,0.124555,-0.05,5,11,0,0.0,0.771399,4.05
2xnb,-88.5129,-80.5129,-3.27825,-29.5043,-0.23080599999999998,-12.183,-26.8376,-3.27825,-70.7933,-5.69968,-62.9517,0.0,0.15751500000000002,0.0,2,25,0,0.0,0.878558,6.83
3ueu,-50.3245,-30.3245,-3.59461,-20.8803,-0.252502,-8.61538,-12.5821,-3.59461,-41.5102,0.0,-40.9845,0.0,0.0,0.0,0,14,0,0.0,10.8432,5.24
1q8t,-55.2834,-49.2834,-3.0713,-21.0946,-0.22260700000000003,-8.79514,-18.8051,-3.0713,-38.9697,-4.0,-37.8157,0.0,0.0801686,0.0,1,17,0,0.0,2.53024,4.76
2weg,-44.7352,-42.7352,-4.06683,-20.1149,-0.256848,-8.01047,-19.2156,-4.06683,-27.6693,-4.0,-25.3582,-4.0,0.28386500000000003,-0.00892625,2,9,0,0.0,2.94905,6.5
3jvs,-60.5765,-50.5765,-2.0192200000000002,-19.4953,-0.149043,-8.17786,-16.277,-2.0192200000000002,-63.8894,-5.3976,-61.5625,0.0,0.210862,0.0,3,27,0,0.0,20.4831,6.54
3f3e,-61.6113,-55.6113,-6.84571,-29.6196,-0.469692,-12.1258,-26.7351,-6.84571,-45.037,-14.5667,-30.6336,0.0,0.839994,0.0,1,8,0,0.0,1.15973,7.7
2j78,-52.6927,-50.6927,-4.0532900000000005,-22.4097,-0.27419,-9.130980000000001,-21.5591,-4.0532900000000005,-36.1967,-24.3082,-26.6468,0.0,3.4301699999999995,0.0,6,7,0,0.0,0.031076999999999997,6.42
2zcr,-94.6345,-74.6345,-3.3798,-31.1647,-0.221914,-12.5727,-24.5784,-3.3798,-80.4531,-7.313389999999999,-64.0199,-8.0,1.40432,0.0,1,27,0,0.0,3.32101,6.87
2xbv,-110.57799999999999,-96.5779,-3.0716099999999997,-33.4889,-0.212687,-13.7518,-29.2489,-3.0716099999999997,-106.87200000000001,-3.27048,-111.84899999999999,0.0,0.261031,-0.05,6,30,0,0.0,11.772,8.43
4de1,-67.8114,-61.8114,-2.9483200000000003,-23.8448,-0.22284400000000001,-10.0817,-21.735,-2.9483200000000003,-51.3811,-15.0069,-34.6255,0.0,0.39566399999999996,0.0,1,22,0,0.0,1.8982700000000001,5.96
1sqa,-72.544,-60.544,-2.34013,-23.093000000000004,-0.175446,-9.73752,-19.273,-2.34013,-64.4658,-10.9546,-49.9349,0.0,0.23681999999999997,-0.0364069,2,29,0,0.0,10.2911,9.21
3mss,-68.5553,-56.5553,-3.26454,-24.8485,-0.24024299999999998,-10.413,-20.499000000000002,-4.2847,-51.2926,0.0,-50.1069,0.0,0.0241352,0.0,0,16,5,0.0,2.3284599999999998,4.66
3ejr,-85.6579,-77.6579,-3.4263199999999996,-29.2946,-0.24582600000000002,-12.1727,-26.5586,-3.4263199999999996,-71.8281,-22.9033,-51.0626,-8.0,0.059867899999999995,0.0,6,19,0,0.0,1.1363299999999998,8.57
3ge7,-96.0893,-84.0893,-3.6957400000000002,-32.4352,-0.268807,-13.5393,-28.3846,-3.6957400000000002,-81.4807,-16.3412,-64.9647,0.0,0.815615,0.0,2,24,0,0.0,1.45995,8.7
3zsx,-76.5591,-56.5591,-2.2517400000000003,-23.6322,-0.166978,-9.928519999999999,-17.4586,-2.2517400000000003,-64.9938,-11.6121,-51.7633,0.0,0.09171810000000001,-0.0126152,2,32,0,0.0,6.98348,3.28
1u1b,-58.652,-30.651999999999997,-1.15004,-15.8159,-0.0728294,-6.30411,-8.26549,-1.24791,-58.409,-12.6665,-47.4936,0.0,1.37416,0.0,5,42,4,0.0,17.1065,7.8
3utu,-115.887,-87.8872,-2.46569,-32.1122,-0.170127,-13.1709,-24.3534,-2.5192900000000003,-108.434,-12.5059,-93.8228,0.0,0.668215,-0.028600900000000002,3,43,0,0.458779,9.081610000000001,10.92
1uto,-45.3429,-41.3429,-5.03811,-21.7986,-0.371098,-9.13768,-19.8756,-5.03811,-25.9254,-3.52469,-21.6774,0.0,0.06391849999999999,0.0,1,8,0,0.0,0.374816,2.27
1a30,-47.1745,-23.1745,-1.8144,-15.9239,-0.12635,-6.55134,-7.82263,-1.8144,-38.9807,-13.4152,-32.5014,0.0,3.16157,0.0,4,22,0,0.0,9.30299,4.3
3kwa,-44.7265,-22.7265,-3.19475,-18.5576,-0.216719,-7.56849,-9.42954,-3.19475,-31.6364,-8,-24.1619,0,2.13135,0,3,11,0,0,5.30073,4.08
4djv,-79.3798,-71.3798,-2.8349900000000003,-26.1411,-0.213137,-11.033,-23.5066,-2.8349900000000003,-63.6668,-8.68688,-55.9604,0.0,0.195801,0.0,3,25,0,0.0,1.71627,6.72
2xb8,-86.1929,-78.1929,-3.9178599999999997,-30.7608,-0.278684,-12.7453,-27.9057,-3.9178599999999997,-73.1716,-21.2822,-51.4688,0.0,0.45238199999999995,0.0,4,18,0,0.0,2.9398400000000002,7.59
3dd0,-50.1246,-44.1246,-3.13278,-19.8919,-0.19480799999999998,-7.880789999999999,-17.5108,-3.13278,-34.264,-4.23873,-28.0434,-4.0,0.29786,0.0,2,14,0,0.0,3.75236,9
2v7a,-84.1803,-72.1803,-2.40515,-25.7348,-0.17701,-10.7847,-22.0663,-2.40515,-67.9534,-7.61517,-62.7596,0.0,0.214025,0.0,5,30,0,0.0,2.7795099999999997,8.3
3n7a,-64.839,-62.839,-5.40325,-28.3211,-0.374485,-11.6333,-27.4475,-5.40325,-49.1871,-21.5985,-23.4021,0.0,0.13933800000000002,-0.024325599999999996,0,12,0,0.0,0.809034,3.7
2v00,-57.9397,-51.9397,-3.62123,-22.9934,-0.269169,-9.66775,-20.6123,-3.62123,-40.5406,-7.36755,-34.0273,0.0,1.7510599999999998,0.0,2,14,0,0.0,1.18614,3.66
2vw5,-77.2241,-71.2241,-2.14511,-23.3876,-0.15363800000000002,-9.71258,-21.5705,-2.14511,-61.9403,-10.5835,-53.5662,0.0,0.29331599999999997,-0.040669300000000005,1,35,0,0.0,2.54419,8.52
3lka,-51.4245,-47.4245,-4.2853699999999995,-22.4617,-0.274686,-8.989289999999999,-20.7145,-4.2853699999999995,-35.4574,-4.0,-32.2672,0.0,0.232625,0.0,2,10,0,0.0,3.05022,2.82
3zso,-84.8918,-58.8918,-1.92936,-24.0463,-0.142761,-10.0952,-16.6816,-1.97423,-78.1347,-10.1357,-66.4096,0.0,0.218714,0.0,0,44,0,0.368821,9.39563,5.12
3pww,-107.052,-81.0517,-2.18473,-29.2547,-0.159339,-12.2228,-22.1495,-2.18473,-102.165,-16.0,-82.5922,0.0,0.16206199999999998,0.0,2,47,0,3.26802,8.99461,7.32
3l7b,-65.9058,-61.9058,-3.4687300000000003,-24.6986,-0.239447,-10.1318,-23.1996,-3.4687300000000003,-49.7639,-12.5245,-38.1164,0.0,0.21826399999999999,0.0,1,18,0,0.0,1.48161,2.4
2yki,-121.98700000000001,-115.98700000000001,-3.58785,-37.6548,-0.27569299999999997,-16.0085,-35.8027,-3.58785,-108.84899999999999,-4.0,-106.633,0.0,2.95807,0.0,4,30,0,0.0,4.92066,9.46
2zcq,-86.7907,-70.7907,-3.47163,-29.682,-0.22582600000000003,-11.9373,-24.2101,-3.47163,-72.6555,-6.65608,-50.5877,-16.0,4.27236,0.0,1,24,0,0.0,3.79635,8.82
3ehy,-51.6802,-41.6802,-3.0400099999999997,-20.099,-0.200105,-8.11525,-16.2099,-3.0400099999999997,-40.2753,-3.40913,-37.2202,-8.0,3.2016400000000003,-0.0115481,4,13,0,0.0,6.934819999999999,5.85
1ps3,-72.2803,-70.2803,-4.517519999999999,-28.6845,-0.31129,-11.7599,-27.8908,-4.517519999999999,-56.0095,-21.7866,-32.6519,-8.0,1.4757,-0.0136154,5,11,0,0.0,0.053694900000000004,2.28
2qbp,-77.5258,-57.5258,-2.0952900000000003,-23.2655,-0.12762,-9.153839999999999,-17.2635,-2.0952900000000003,-77.601,-13.5421,-64.2476,0.0,0.0955497,0.0,5,32,0,0.0,17.8653,8.4
3udh,-60.9237,-60.9237,-4.3516900000000005,-25.2781,-0.321949,-10.6117,-25.2781,-4.3516900000000005,-42.7374,-6.864730000000001,-35.0296,0.0,0.04915719999999999,0.0,1,13,0,0.0,0.0,2.85
3g2n,-74.1464,-68.1464,-3.7073199999999997,-27.3158,-0.261746,-11.2898,-25.1053,-3.7073199999999997,-61.0115,-18.4247,-38.3476,0.0,0.130129,-0.00564706,0,20,0,0.0,3.6761199999999996,4.09
2p4y,-105.02600000000001,-87.0258,-2.62565,-30.7097,-0.182998,-12.638,-25.4465,-2.62565,-99.8481,-2.68882,-99.6956,0.0,0.0995398,0.0,4,36,0,0.0,11.860999999999999,9
2x00,-104.55799999999999,-102.55799999999999,-2.8258900000000002,-31.3779,-0.204729,-13.0807,-30.7777,-2.8258900000000002,-86.484,-2.0,-86.0519,0.0,0.000844512,-0.0192622,3,34,0,0.0,0.00832501,11.33
3gbb,-73.4529,-65.4529,-4.0807199999999995,-28.0275,-0.284428,-11.5344,-24.975,-4.0807199999999995,-59.3536,-19.2601,-40.4927,0.0,0.937392,0.0,4,14,0,0.0,2.85445,6.9
1gpk,-78.5902,-78.5902,-4.36612,-29.9878,-0.32298899999999997,-12.5885,-29.9878,-4.36612,-60.1125,-3.84715,-52.6552,0.0,0.0832876,0.0,0,18,0,0.0,0.0,5.37
3oe5,-115.584,-101.584,-3.72851,-36.794000000000004,-0.257178,-15.0895,-32.3373,-3.72851,-103.62799999999999,-21.2138,-82.0142,-8.0,0.167981,-0.00186462,5,26,0,0.0,4.22851,6.88
1r5y,-69.5265,-69.5265,-5.34819,-29.5689,-0.394624,-12.4021,-29.5689,-5.34819,-50.9531,-13.6112,-37.3432,0.0,1.68455,0.0,2,11,0,0.0,0.0,6.46
1e66,-109.24700000000001,-107.24700000000001,-5.20224,-39.5977,-0.364388,-16.3228,-38.8728,-5.20224,-91.8603,-2.0,-86.6538,0.0,0.0468658,0.0,1,20,0,0.0,0.013999200000000002,9.89
3d4z,-70.5703,-68.5703,-5.04074,-29.2806,-0.35074,-12.0432,-28.4507,-5.04074,-53.7313,-22.7414,-32.1961,-8.0,0.0,-0.00711327,5,9,0,0.0,0.0140328,4.89
2hb1,-53.5874,-45.5874,-3.82767,-22.2341,-0.191341,-8.19051,-18.9148,-3.82767,-48.4877,-9.958730000000001,-37.2344,0.0,0.0631828,0.0,1,13,0,0.0,13.282,3.8
3uo4,-82.9021,-70.9021,-2.85869,-26.9836,-0.21735900000000002,-11.4315,-23.0777,-2.85869,-73.0342,-12.0,-66.1393,0.0,0.11205999999999999,0.0,4,25,0,0.0,7.9522,6.52
2wtv,-83.8115,-75.8115,-2.46505,-25.8709,-0.176129,-10.7353,-23.4014,-2.46505,-72.9174,-4.0,-71.1425,0.0,0.12424500000000001,0.0,2,32,0,0.0,6.834210000000001,8.74
2xdl,-57.9472,-49.9472,-3.6217,-22.9964,-0.259544,-9.55194,-19.8216,-3.6217,-44.8362,-2.22761,-39.2735,0.0,0.0429154,0.0,0,16,0,0.0,6.3026800000000005,3.1
1p1q,-52.2061,-46.2061,-4.01586,-22.2028,-0.281948,-9.15948,-19.651,-4.01586,-35.9103,-19.0658,-23.8631,0.0,0.230737,-0.05,4,9,0,0.0,2.05203,4.89
3ag9,-69.9063,-5.906280000000001,-1.04338,-17.2117,-0.0735729,-7.11077,-1.4541899999999999,-1.37071,-83.6523,-19.873,-62.1181,0.0,0.298953,0.0,3,49,15,0.0,30.4103,8.05
1o5b,-64.9199,-62.9199,-4.9938400000000005,-27.6098,-0.214162,-9.6642,-26.7592,-4.9938400000000005,-45.6366,-6.1979,-36.4639,0.0,0.139472,-0.00440381,0,13,0,0.0,0.037846,5.77
2yfe,-76.8193,-62.8193,-3.0727700000000002,-26.2718,-0.22634200000000002,-11.0129,-21.4839,-3.0727700000000002,-68.017,-2.0,-62.3539,0.0,0.022055,0.0,0,25,0,8.24175,1.9509299999999998,6.63
1q8u,-61.201,-57.201,-2.78186,-21.8416,-0.190999,-8.94367,-20.414,-2.78186,-46.2486,-2.0,-44.6897,0.0,0.148449,0.0,2,20,0,0.0,3.28705,5.96
3ao4,-65.5412,-63.5412,-4.0963199999999995,-26.01,-0.301716,-10.9029,-25.2163,-4.0963199999999995,-47.4595,-5.17933,-47.8305,0.0,0.9185760000000001,-0.05,4,12,0,0.0,0.278127,2.07
2vvn,-70.7235,-64.7235,-4.42022,-28.0666,-0.284833,-11.2523,-25.6855,-4.42022,-54.775,-12.0,-42.7725,0.0,1.6395,-0.022572599999999998,3,13,0,0.0,1.244,7.3
3acw,-86.2506,-82.2506,-4.10717,-31.2624,-0.307625,-13.177999999999999,-29.8125,-4.10717,-68.0872,-2.0,-64.1582,0.0,0.017126699999999998,-0.024015099999999998,1,20,0,0.0,0.373904,4.76
2qbr,-71.2891,-55.2891,-2.54604,-23.4767,-0.154881,-9.23312,-18.2076,-2.54604,-72.9646,-13.3053,-57.4448,0.0,0.07213710000000001,0.0,2,26,0,0.0,18.0908,6.33
1o3f,-76.6875,-70.6875,-3.0675,-26.2267,-0.23353000000000002,-11.1155,-24.1748,-3.0675,-61.8593,-12.5523,-47.9546,0.0,0.193491,0.0,2,23,0,2.4974,1.42475,7.96
1xd0,-102.065,-78.0654,-1.8557299999999999,-26.8385,-0.125887,-10.9458,-20.5276,-1.8557299999999999,-106.51899999999999,-40.1664,-71.8326,0.0,0.06454220000000001,-0.0488843,8,47,0,0.0,19.3873,7.12
3cft,-25.95,-23.95,-1.73,-10.5222,-0.11624200000000001,-4.2777199999999995,-9.71125,-2.1625,-20.5603,-2.0,-17.2025,0.0,0.0,0.0,0,13,2,11.2092,2.96621,4.19
1sln,-88.3326,-60.3326,-2.52379,-27.0042,-0.18266,-11.2537,-18.4443,-2.59802,-77.3212,-10.0,-71.0687,-4.0,3.34254,0.0,4,30,1,0.0,7.34572,6.64
3cj2,-63.0891,-61.0891,-3.50495,-24.073,-0.202721,-9.30969,-23.3098,-3.50495,-49.5614,-4.0,-44.2722,0.0,0.033448900000000004,-0.05,0,18,0,0.0,5.4117,4.85
3bkk,-99.633,-75.633,-2.7675799999999997,-30.1742,-0.20352699999999999,-12.6418,-22.9057,-2.7675799999999997,-89.338,-16.5664,-68.5694,-8.0,1.40014,-0.05,3,33,0,0.0,7.208060000000001,6.08
2r23,-38.6157,-16.6157,-1.10331,-11.8052,-0.0753604,-4.82566,-5.0796,-1.1701700000000002,-31.1107,-18.9773,-21.0837,0.0,0.06468020000000001,3.55177,6,29,0,0.0,10.8519,3.72
1f8d,-49.957,-39.957,-2.49785,-18.4043,-0.172103,-7.54502,-14.7203,-2.49785,-32.1825,-16.5917,-22.6688,0.0,0.147173,-0.05,5,15,0,0.0,1.34237,3.4
4des,-42.6055,-40.6055,-2.2424,-15.9667,-0.16758699999999999,-6.72549,-15.2172,-2.2424,-26.7454,-2.0,-37.5147,0.0,0.00814394,-0.0434666,7,12,0,0.0,3.60911,5.85
3su3,-106.37299999999999,-90.3728,-2.00703,-28.3186,-0.14090899999999998,-11.6824,-24.0591,-2.00703,-94.681,-10.6744,-79.0559,0.0,1.0074299999999998,-0.039608199999999996,2,51,0,0.0,5.0269,9.13
3imc,-58.8161,-56.8161,-5.34692,-26.4463,-0.399642,-11.1401,-25.546999999999997,-5.34692,-40.4126,-2.0,-37.4975,0.0,0.183754,-0.022731499999999998,1,10,0,0.0,0.0008770469999999999,2.96
3nox,-59.0162,-53.0162,-2.10772,-19.435,-0.14008099999999998,-7.8724,-17.4591,-2.10772,-48.281000000000006,-4.7209900000000005,-54.0977,0.0,0.0563836,-0.024689700000000002,6,22,0,0.0,6.97987,8.66
1hfs,-158.194,-122.194,-3.0422,-42.3828,-0.22444099999999997,-17.7757,-32.7378,-3.0422,-151.496,-6.23583,-144.403,-8.0,3.6169300000000004,0.0,6,46,0,0.0,10.0002,8.7
4gqq,-56.2501,-48.2501,-3.75,-22.8083,-0.27016599999999996,-9.49056,-19.5644,-3.75,-39.2743,-6.28565,-33.406,0.0,0.0,0.0,1,14,0,0.0,0.608957,2.89
1zea,-73.9058,-17.9058,-1.0558,-17.9327,-0.0748025,-7.42035,-4.34471,-1.5397,-76.1032,-9.97406,-66.5583,0.0,1.41393,-0.05,3,48,19,2.2798599999999998,16.1909,5.22
3vd4,-67.169,-61.169,-4.477930000000001,-27.2357,-0.281875,-10.8342,-24.8028,-4.477930000000001,-49.4671,-12.424000000000001,-31.984,-4.0,0.04819419999999999,0.0,1,14,0,0.0,0.7454810000000001,4.82
1igj,-68.5219,-62.5219,-1.8519400000000001,-20.5634,-0.13161,-8.51758,-18.7628,-2.07642,-54.3615,-0.47876499999999994,-56.3169,0.0,0.0931685,0.0,2,31,4,0.0,4.6054,10
2ole,-47.6968,-37.6968,-1.58989,-15.3502,-0.113442,-6.36674,-12.1319,-1.6447200000000002,-38.6015,-2.72994,-52.9455,0.0,0.0,-0.018030599999999997,7,22,1,0.0,7.37396,7.25
2jdu,-62.8697,-60.8697,-5.23914,-27.4609,-0.35284,-11.1726,-26.5873,-5.23914,-46.0419,-24.1978,-13.0876,-16.0,0.0259997,-0.037117699999999997,4,8,0,0.0,0.455322,6.72
3gcs,-101.59,-89.5896,-3.17468,-31.9987,-0.21855300000000003,-13.1145,-28.219,-3.17468,-90.5656,-7.98367,-80.2877,0.0,0.27675900000000003,-0.00568538,1,31,0,0.0,5.77758,7.25
3l4u,-60.7534,-44.7534,-2.76152,-21.6819,-0.175903,-8.65908,-15.9717,-2.76152,-44.417,-12.9044,-32.9231,0.0,0.0,0.0,3,19,0,0.0,1.49056,7.52
1f8b,-46.2162,-36.2162,-2.31081,-17.0262,-0.15922999999999998,-6.98026,-13.3422,-2.31081,-29.4993,-15.5291,-22.5501,0.0,0.08635880000000001,-0.05,5,15,0,1.5825,0.852022,5.4
2jdm,-63.7403,-61.7403,-5.3116900000000005,-27.8411,-0.35772600000000004,-11.3273,-26.9675,-5.3116900000000005,-44.9107,-20.0772,-12.487,-16.0,0.0223703,-0.0288716,4,8,0,0.0,0.48565699999999995,5.4
1f8c,-51.2271,-41.2271,-2.56135,-18.8722,-0.176478,-7.736839999999999,-15.1882,-2.56135,-33.3479,-17.3079,-22.2652,0.0,0.0894428,0.0,4,16,0,0.0,0.850234,7.4
1loq,-63.6982,-55.6982,-3.03325,-23.0881,-0.19648800000000002,-9.2725,-20.1884,-3.03325,-46.4357,-19.8255,-26.3355,0.0,0.11813,0.0,1,20,0,0.0,1.2978,3.7
2zwz,-63.0324,-61.0324,-5.2527,-27.5319,-0.355661,-11.2216,-26.6583,-5.2527,-45.468,-21.7458,-31.4242,0.0,0.04053180000000001,-0.022857,4,8,0,0.0,0.378626,7.79
2obf,-90.4776,-82.4776,-3.93381,-31.815,-0.255706,-12.7921,-29.0019,-3.93381,-76.8074,-4.3192,-77.8785,0.0,0.024400099999999997,0.0,7,16,0,0.0,4.39539,8.85
1lbk,-53.4852,-35.4852,-2.67426,-19.7041,-0.17460699999999998,-7.93432,-13.0729,-2.67426,-41.6686,-17.3175,-28.1483,0.0,0.398658,-0.05,5,15,0,0.0,5.38526,3.18
2zjw,-59.1465,-59.1465,-2.6884799999999998,-21.1084,-0.19572799999999999,-8.813939999999999,-21.1084,-2.6884799999999998,-40.8889,-3.8100699999999996,-42.333,0.0,1.53631e-05,-0.0353601,3,19,0,0.0,0.0,7.7
2j62,-104.978,-92.9778,-3.88807,-34.9926,-0.28034899999999996,-14.5646,-30.9926,-3.88807,-89.68,-19.0461,-67.8387,0.0,0.0755933,0.0,3,24,0,0.0,1.84437,11.34
2d1o,-72.0272,-36.0272,-2.18264,-22.4556,-0.15535,-9.30611,-11.232000000000001,-2.25085,-70.5083,-10.4098,-59.978,-8.0,4.75789,-0.00887666,4,28,1,0.0,17.5442,7.7
2pcp,-82.3938,-78.3938,-4.57744,-31.4391,-0.337144,-13.1786,-29.9128,-4.57744,-64.8926,-2.0,-70.0645,0.0,0.0,-0.0374727,4,14,0,0.0,0.69785,8.7
3f17,-67.3851,-57.3851,-3.2088099999999997,-24.4244,-0.221431,-10.0182,-20.7998,-3.2088099999999997,-54.1979,-2.0,-54.4277,-9.36487,5.7815199999999995,0.0,6,15,0,0.0,6.37564,8.63
4dew,-20.4926,-18.4926,-0.9758399999999999,-7.42776,-0.071595,-3.1095200000000003,-6.702839999999999,-0.9758399999999999,-5.3701,-2.96406,-8.94311,0.0,0.0,-0.032628899999999995,7,14,0,0.0,4.126119999999999,7
3vh9,-54.6461,-54.6461,-4.96783,-24.5713,-0.376465,-10.3979,-24.5713,-4.96783,-36.4344,-6.95587,-28.000999999999998,-12.0,0.705285,0.0,4,7,0,0.0,0.0,6.24
3bpc,-47.535,-27.535,-1.48547,-14.9726,-0.102801,-6.14717,-8.67298,-1.9014,-35.9589,-19.7954,-18.2765,0.0,0.0639189,0.0,4,23,5,0.0,6.44568,4.8
1u33,-64.075,-48.075,-1.7798599999999998,-19.4053,-0.12078599999999999,-7.91525,-14.5597,-1.8307099999999998,-60.8143,-22.3661,-50.0288,0.0,3.5591699999999995,0.0,7,28,1,0.0,12.6961,4.6
2zxd,-59.8128,-57.8128,-4.9844,-26.1256,-0.33939400000000003,-10.6684,-25.2521,-4.9844,-46.4497,-16.0867,-32.6066,0.0,0.0303902,-0.00880754,3,9,0,5.00122,0.30209400000000003,5.22
2x8z,-49.1003,-43.1003,-3.50716,-20.3724,-0.228093,-8.1927,-17.8829,-3.50716,-33.8928,-9.78531,-34.0471,0.0,0.103547,0.0,3,11,0,0.0,2.93512,7.96
2vl4,-68.8254,-66.8254,-6.25686,-30.947,-0.419202,-12.5692,-30.0477,-6.25686,-50.8978,-20.7815,-30.9061,0.0,0.04272,-0.05,2,9,0,0.0,0.0168765,6.01
3nq3,-55.9891,-39.9891,-4.66576,-24.4555,-0.32694,-10.0823,-17.4669,-4.66576,-44.4537,0.0,-44.5054,0.0,0.0100037,-0.046011300000000005,0,12,0,0.0,7.35084,3.78
1w3k,-68.7052,-60.7052,-3.27168,-24.9029,-0.22071300000000002,-10.1376,-22.0032,-3.27168,-55.4835,-27.6982,-28.8034,0.0,0.370692,-0.000115156,2,19,0,0.0,3.27535,4.3
3b3s,-43.2344,-37.2344,-4.80382,-20.7849,-0.329596,-8.509030000000001,-17.9004,-4.80382,-25.4747,-5.9052,-19.7256,-0.6574770000000001,0.273491,0.0,1,8,0,0.0,1.88172,2.55
3su2,-115.031,-95.031,-2.2555099999999997,-31.0188,-0.157835,-12.7824,-25.6257,-2.30062,-103.682,-10.7093,-88.6855,0.0,0.715424,0.0,2,48,1,0.0,5.02765,7.35
1hnn,-61.6575,-59.6575,-4.40411,-25.5825,-0.2891,-10.3198,-24.7527,-4.40411,-47.2708,-4.5023800000000005,-44.2911,0.0,0.140596,-0.0305888,2,12,0,0.0,3.02192,6.24
1os0,-86.6507,-62.6507,-2.47573,-26.49,-0.175226,-10.9576,-19.153,-2.54855,-75.7401,-13.192,-58.7527,-6.013730000000001,3.02208,-0.05,3,31,1,0.0,6.72432,6.03
4g8m,-68.483,-62.483000000000004,-5.706919999999999,-29.9127,-0.390921,-12.2392,-27.291999999999998,-5.706919999999999,-55.0141,-22.1488,-30.3497,0.0,0.16814,0.0,0,12,0,0.0,3.7431699999999997,7.89
1lol,-66.6513,-58.6513,-2.77714,-23.1067,-0.183508,-9.341660000000001,-20.3333,-2.77714,-50.9518,-20.4423,-25.9404,0.0,0.152639,0.0,0,24,0,0.0,2.10508,6.39
3kv2,-54.8667,-46.8667,-4.57223,-23.9652,-0.30964200000000003,-9.768460000000001,-20.4709,-4.57223,-40.1868,-19.5532,-11.4839,-8.0,1.16642,0.0,1,11,0,0.0,2.8561,7.32
2zx6,-80.0088,-72.0088,-3.3337,-27.7375,-0.23926599999999998,-11.5271,-24.964000000000002,-3.3337,-65.2862,-20.3651,-49.3594,0.0,0.269203,0.0,3,21,0,0.0,1.77207,10.6
3mfv,-39.9743,-31.9743,-3.07495,-17.0007,-0.21236100000000002,-6.97502,-13.5984,-3.07495,-27.8856,-12.5264,-19.1892,0.0,4.06396,0.0,4,9,0,1.42044,4.49465,2.52
3s8o,-82.8244,-58.8244,-2.2385,-24.8556,-0.152955,-10.1615,-17.6532,-2.2385,-70.6183,-22.8915,-44.6246,0.0,0.138665,-0.021228599999999997,2,35,0,0.0,6.06111,6.85
2g70,-72.4194,-68.4194,-4.82796,-29.3646,-0.34613299999999997,-12.1988,-27.7427,-4.82796,-54.2482,-4.65522,-47.313,0.0,0.0377469,-0.00938497,1,14,0,0.0,0.325598,7.77
3su5,-101.189,-85.1889,-1.9092200000000001,-26.9385,-0.134042,-11.1131,-22.679000000000002,-1.9092200000000001,-89.3785,-10.3468,-75.3263,0.0,1.05526,-0.0376348,2,51,0,0.0,5.1228,5.58
3huc,-97.1313,-87.1313,-3.59746,-32.3771,-0.272544,-13.6999,-29.0438,-3.59746,-81.7259,-2.0,-75.5068,0.0,0.0125032,0.0,2,25,0,0.0,1.95135,5.99
3f80,-38.5933,-26.5933,-3.21611,-16.8572,-0.217815,-6.8712800000000005,-11.6157,-3.21611,-27.0615,-5.750369999999999,-21.8551,-12.0,4.04379,0.0,4,8,0,0.0,5.06821,4.22
2cbj,-65.0679,-55.0679,-2.6027099999999996,-22.2529,-0.18415499999999999,-9.20391,-18.8329,-2.71116,-51.5273,-13.5753,-39.7692,0.0,2.00366,0.0,4,20,1,0.0,5.151680000000001,8.27
1kel,-85.4785,-65.4785,-3.7164599999999997,-30.0571,-0.246854,-12.1726,-23.0244,-3.88539,-72.92699999999999,-12.0934,-60.9773,0.0,0.09518430000000001,0.0,2,21,0,0.0,4.50203,7.28
2x0y,-70.5766,-64.5766,-3.9209199999999997,-26.93,-0.277586,-11.1405,-24.6406,-3.9209199999999997,-55.2911,-9.23145,-44.5577,0.0,0.269646,-0.05,1,17,0,0.0,2.20152,4.6
3l4w,-54.4302,-48.4302,-3.8878699999999995,-22.5838,-0.26139,-9.1831,-20.0943,-3.8878699999999995,-41.5154,-13.6844,-29.1928,0.0,0.00989012,-0.0074944,2,12,0,1.4006399999999999,2.68305,6
3l3n,-84.5866,-54.5866,-2.34963,-25.6173,-0.171026,-10.696,-16.5317,-2.34963,-76.2606,-14.7304,-63.2802,-8.0,3.9169,-0.05,5,31,0,0.174789,8.35874,8.18
1n1m,-53.9087,-49.9087,-4.49239,-23.5468,-0.314774,-9.707460000000001,-21.7996,-4.49239,-35.8572,-10.4639,-33.2312,0.0,0.10696300000000002,0.0,5,7,0,0.0,1.0328700000000002,5.7
2gss,-42.9344,-30.9344,-2.2597099999999997,-16.0899,-0.142112,-6.39853,-11.5929,-2.2597099999999997,-35.3984,-1.94223,-34.1024,0.0,0.0284219,-0.00244262,1,18,0,0.0,11.5825,4.94
3pe2,-96.7805,-88.7805,-3.7223300000000004,-32.6686,-0.28521199999999997,-13.8755,-29.9681,-3.7223300000000004,-80.5981,-6.0,-71.9273,0.0,0.171752,0.0,1,25,0,0.0,1.4410100000000001,9.76
1w3l,-86.8068,-72.8068,-2.71271,-27.3424,-0.183358,-11.1379,-22.9327,-2.80022,-78.4553,-33.926,-43.7036,0.0,0.154082,-0.0015018,2,30,0,0.0,7.1459,6.28
2xhm,-89.9763,-65.9763,-2.4317900000000003,-27.0019,-0.168016,-11.0799,-19.7995,-2.4317900000000003,-78.6003,-17.6466,-56.3022,-8.0,0.31938,-0.05,3,34,0,0.0,6.44421,6.8
3muz,-60.1138,-54.1138,-4.00759,-24.3749,-0.252267,-9.69623,-21.9421,-4.00759,-42.258,-12.3878,-30.1305,0.0,0.039008499999999995,0.0,2,13,0,0.0,0.564384,3.46
2x97,-80.945,-54.945,-2.3807400000000003,-24.986,-0.162717,-10.2158,-16.9604,-2.3807400000000003,-72.0571,-17.9962,-52.2553,-8.0,2.0216,-0.013207299999999998,6,28,0,0.0,8.3413,5.66
3fk1,-36.6783,-28.6783,-3.6678300000000004,-17.0246,-0.21693600000000002,-6.63311,-13.3113,-3.6678300000000004,-21.5287,-26.9689,-10.354000000000001,0.0,0.671791,0.0,5,5,0,0.0,2.06378,2.62
3ov1,-77.4585,-53.4585,-2.27819,-23.9098,-0.155098,-9.76295,-16.5015,-2.27819,-65.2857,-22.0,-40.1299,0.0,0.136738,0.0,0,34,0,0.0,6.10377,5.2
3owj,-71.3753,-71.3753,-3.3988300000000002,-25.8707,-0.256467,-10.9322,-25.8707,-3.3988300000000002,-52.8577,-1.71505,-48.8201,0.0,0.08325189999999999,-0.010164,0,21,0,0.0,0.0,6.07
2xy9,-118.027,-84.0268,-2.31425,-31.8266,-0.165373,-13.2071,-22.6583,-2.31425,-116.205,-19.6867,-91.5622,-8.0,0.391306,0.0,6,45,0,2.5070200000000002,9.86017,9.19
3i3b,-48.2203,-46.2203,-4.0183599999999995,-21.0622,-0.270688,-8.56991,-20.1886,-4.0183599999999995,-31.9171,-19.9676,-25.7282,0.0,1.73532,-0.00465875,5,7,0,0.0,0.0386595,2.23
10gs,-82.2347,-56.2347,-2.4919599999999997,-25.638,-0.174031,-10.5579,-17.5321,-2.4919599999999997,-70.9422,-18.6195,-54.2163,0.0,0.377517,0.0,5,28,0,0.0,6.0397300000000005,6.4
2vo5,-84.7243,-78.7243,-4.236219999999999,-31.2127,-0.302224,-12.9454,-29.0023,-4.236219999999999,-68.2068,-21.2978,-47.0654,0.0,0.00832073,-0.00198524,2,18,0,0.0,0.521601,4.89
1jyq,-96.1223,-58.1223,-1.8136299999999999,-25.5897,-0.1233,-10.4441,-15.4733,-1.8136299999999999,-95.34299999999999,-36.228,-66.2647,0.0,0.191999,-0.00845652,7,46,0,0.0,14.9168,8.7
2qft,-45.6998,-37.6998,-4.56998,-21.212,-0.270295,-8.2646,-17.4987,-4.56998,-30.3649,-26.1842,-11.5071,0.0,0.38911999999999997,0.0,4,6,0,0.0,2.64731,5.26
2pq9,-92.2816,-74.2816,-3.2957699999999996,-30.3899,-0.20276,-11.9969,-24.4622,-3.2957699999999996,-87.6117,-45.6854,-44.0362,0.0,1.08887,0.0,4,24,0,0.0,9.99087,8.11
3bfu,-59.3415,-53.3415,-4.945119999999999,-25.9198,-0.313651,-10.3368,-23.299,-4.945119999999999,-44.1857,-17.3587,-26.1855,0.0,0.667981,0.0,2,10,0,0.0,2.45873,6.27
4djr,-75.0082,-47.0082,-1.8752099999999998,-21.9325,-0.127407,-8.94961,-13.7453,-1.8752099999999998,-67.4716,-11.5383,-73.1171,0.0,2.36243,-0.0125532,6,34,0,0.0,10.0697,11.52
3b3w,-35.1475,-29.1475,-3.9052800000000003,-16.8972,-0.267946,-6.91745,-14.0127,-3.9052800000000003,-19.1843,-6.049259999999999,-20.4002,-12.0,7.10227,-0.05,5,4,0,0.0,2.83182,4.19
2vot,-81.9353,-73.9353,-3.72433,-29.2413,-0.267466,-12.1545,-26.3863,-3.72433,-73.3845,-23.4404,-53.9114,0.0,0.0651994,1.2236200000000002,8,14,0,4.287730000000001,2.6486400000000003,7.14
2d3u,-76.1928,-64.1928,-2.82196,-25.3976,-0.191712,-10.3632,-21.3976,-2.9304900000000003,-69.2473,-6.0,-65.5703,0.0,0.07689249999999999,0.0,3,23,0,0.0,11.6638,6.92
