name,dockingscore,XP_GScore,evdw,ecoul,XP_LipophilicEvdW,XP_PhobEn,XP_PhobEnHB,XP_PhobEnPairHB,XP_HBond,XP_Electro,XP_Sitemap,XP_PiCat,XP_PiStack,XP_ClBr,XP_LowMW,XP_Zpotr,XP_Penalties,XP_HBPenal,XP_ExposPenal,XP_RotPenal,emodel,energy,eff_state_penalty,einternal,ligand_efficiency,ligand_efficiency_ln,ligand_efficiency_sa,affinity
1a08,-9.56321499099361,-9.56321499099361,-25.0124263763428,-28.236873626709,-2.31062484361882,0,0,0,-3.39820335266828,-2,-0.0462185531457392,0,0,0,0,-2.5,0,0,0.321095524951604,0.370736233487627,0,-53.2493000030518,0,0,-0.233249146121795,-2.02886788525971,-0.804293725966125,5.62
1u2y,-3.85265944398483,-3.85265944398483,-14.4430160522461,-12.6110248565674,-0.875488844483522,0,0,0,-1.84863698980739,-0.945826864242554,0,0,0,0,-0.5,0,0,0,0.131897005017757,0.185396249530875,0,-27.0540409088135,0,0,-0.296358418768064,-1.08070523804808,-0.696837829451639,1.74
1b39,-15.3597350158885,-15.3597350158885,-32.2838973999023,-73.3500747680664,-1.97648002228075,0,0,-2.22947555089861,-4.15377944270911,-4.5,0,0,0,0,0,-6.5,4,0,0,0,0,-105.633972167969,0,0,-0.495475323093176,-3.46409096542983,-1.55647659192064,6.92
2i0d,-6.05199534402561,-6.05199534402561,-40.34912109375,-15.2263927459717,-4.52676288946365,0,0,0,-1.55529692422309,-1.14197945594788,-0.228072830318109,0,0,0,0,0,1,0,0.216109863778339,0.184006892148779,0,-55.5755138397217,0,0,-0.134488785422791,-1.25908473018558,-0.478362259792339,12.1
2c02,-9.369651505808,-9.369651505808,-24.8983535766602,-21.1882171630859,-1.23229932570218,0,0,0,-2.53923646806177,-1.58911628723145,-0.19228291494704,0,0,0,-0.0860756666666663,-4,0,0,0.0332386602751866,0.236120496525916,0,-46.0865707397461,0,0,-0.347024129844741,-2.18110039977448,-1.04107238839049,4.04
1a1b,-9.69089111709425,-9.69089111709425,-22.9394111633301,-32.4390563964844,-2.04403785480078,0,0,0,-4.37896888688635,-2,-0.0894946814640867,0,0,0,0,-2.5,0,0,0.889926138214024,0.431684167842945,0,-55.3784675598145,0,0,-0.248484387617801,-2.07800214780839,-0.842663097670806,6.4
1n2v,-3.40543508989715,-3.40543508989715,-23.4963836669922,-11.4967279434204,-2.49955300563158,0,0,-1.95,-1.30909078821374,-0.862254595756531,-0.4,0,0,0,-0.5,0,4,0,0,0.115463299704696,0,-34.9931116104126,0,0,-0.227029005993143,-0.918389694099852,-0.559901675298121,4.08
1xd1,-13.3650142685605,-13.3650142685605,-26.1409778594971,-33.0150337219238,-3.00568628740189,0,0,0.65,-9.0300626038891,-2.65,-0.536006621580802,0,0,0,0,0,1,0,0.167280223246876,0.039461021064386,0,-59.1560115814209,0,0,-0.202500216190311,-2.57531857761733,-0.81835197671006,7.92
1jq9,1.51768410478666,1.51768410478666,53.4108657836914,-11.3764820098877,-0.57365933056714,0,0,0,-1.24439489768093,-0.853236150741577,-0.952644600326261,0,0,0,0,0,3,0,1.7867850027535,0.354834081349068,0,42.0343837738037,0,0,0.0322911511656737,0.312915034637618,0.116533148334828,8.45
3pch,1.69635990763465,1.69635990763465,122.680877685547,-5.15515613555908,4.27372800983977,-1.2,0,0,-0.490731392038187,-0.386636710166931,0,0,0,0,-0.5,0,0,0,0,0,0,117.525721549988,0,0,0.169635990763465,0.51364608628351,0.36546966289823,5.4
2bzz,-10.4976921364135,-10.4976921364135,-45.5303688049316,-38.3384094238281,-2.43180246127926,0,0,0,-5.76179859611675,-2,-0.102679022643425,0,0,0,0,-1.5,1,0,0.210027961266241,0.0885599823597079,0,-83.8687782287598,0,0,-0.184170037480938,-2.08161519264529,-0.708778596637474,6.43
1ha2,-6.74389385625869,-6.74389385625869,-34.9861907958984,-0.658640623092651,-5.64649410075171,-0.65460922927377,0,0,-0.320236775208468,-0.0493980467319488,0,0,0,0,-0.475599999999999,0,0,0,0.150801783943077,0.251642511764131,0,-35.6448314189911,0,0,-0.293212776359074,-1.63073468469197,-0.833858131886652,5.54
1tyr,4.56642020052964,4.56642020052964,80.8819885253906,2.78943037986755,2.0054089137083,0,0,0,0,0.209207278490067,0,0,0,0,-0.5,0,0,0,2.41283840963516,0.438965598696114,0,83.6714189052582,0,0,0.207564554569529,1.11619966123331,0.581604044954533,7
1re8,-14.042455818316,-14.042455818316,-57.7149124145508,-28.4034824371338,-6.10583633357151,-1.225,-1,0,-3.69700407987724,-2,-0.321561163833069,0,0,0,0,0,0,0,0,0.306945758965839,0,-86.1183948516846,0,0,-0.401213023380456,-3.08263070763569,-1.31239440243338,9.52
1l2s,-4.70236312794036,-4.70236312794036,-18.2364330291748,-16.1336574554443,-1.8552882992073,0,0,0,-1.42477143614012,-1.21002430915833,-0.00676338567802001,0,0,0,-0.444125733333333,0,0,0,0,0.238610035576745,0,-34.3700904846191,0,0,-0.247492796207387,-1.19215005043229,-0.660410184798417,4.59
2aou,-8.67697860555343,-8.67697860555343,-32.9159660339355,-4.96658182144165,-5.73177420632264,-2.7,0,0,0,-0.372493636608124,0,-2.62215303768096,0,0,-0.310437266666666,-3.59772243014477,6.4,0,0,0.257601971869733,0,-37.8825478553772,0,0,-0.347079144222137,-2.05670395758199,-1.01486557318036,7.73
1jqd,-6.62560632555757,-6.62560632555757,-22.7022151947021,-25.4287357330322,-2.15452851851868,0,-1.5,0,-2.56682031094903,-1.90715517997742,-1.11679612823016,0,0,0,-0.218627333333333,-1.5,4,0,0,0.338321145451056,0,-48.1309509277344,0,0,-0.254831012521445,-1.55600190516961,-0.754935871883165,5.16
1apw,-8.29912697579192,-8.29912697579192,-35.4205665588379,-24.9529361724854,-2.93301577978965,0,0,0,-3.82318068709709,-1.8714702129364,-0.153385500011096,0,0,0,0,0,0,0,0.0377820530292178,0.444143151013097,0,-60.3735027313232,0,0,-0.237117913594055,-1.8218425603857,-0.775628417780513,8
2b1v,-9.13548086131541,-9.13548086131541,-23.3837509155273,-11.0791034698486,-4.50513539875174,-2.52578473590572,0,0,-0.9975,-0.830932760238647,0,0,0,0,-0.5,0,0,0,0,0.223872033580706,0,-34.462854385376,0,0,-0.480814782174495,-2.31604061048143,-1.28300695622506,5.74
1bra,-5.25765242254754,-5.25765242254754,-18.6527118682861,-8.8359260559082,-2.57947101832381,0,0,0,-0.0154869500306087,-0.662694454193115,0,0,0,0,-0.5,-1.5,0,0,0,0,0,-27.4886379241943,0,0,-0.584183602505282,-1.6444426393494,-1.21515086037343,1.82
2hdq,-4.2618655057414,-4.2618655057414,-10.1883211135864,-8.97212886810303,-1.08895584063368,0,0,0,-2,-0.672909665107727,0,0,0,0,-0.5,0,0,0,0,0,0,-19.1604499816895,0,0,-0.532733188217675,-1.38397350560406,-1.06546637569683,1.4
1gni,-7.14498871040658,-7.14498871040658,-29.5988712310791,-1.90580010414124,-5.81118531344094,-2.7,0,0,-0.533682548378774,-0.142935007810593,0,0,0,0,-0.5,0,0,0,0,2.54281415922373,0,-31.5046713352203,0,0,-0.357249435520329,-1.78815501671524,-0.969724160326622,8.07
2aov,-8.38422917165558,-8.38422917165558,-24.820442199707,-7.2220344543457,-4.26586051898489,-1.92444479627377,0,0,-1.06832009814532,-0.541652584075928,-0.188963934841556,0,0,0,-0.5,0,0,0,0,0.105012760665877,0,-32.0424766540527,0,0,-0.493189951273858,-2.18725868328101,-1.26813024121047,7.04
2flb,-2.01098530109476,-2.01098530109476,136.903091430664,-23.4085578918457,3.15351593378512,0,0,0,-1.34867860531112,-1.75564184188843,-0.310804094374601,0,0,0,-0.428811733333333,-1.5,0,0,0.024345476749421,0.155089563278184,0,113.494533538818,0,0,-0.0837910542122817,-0.481321060654522,-0.241695223610496,5.74
2f01,-16.6352910475499,-16.6352910475499,-29.3396797180176,-28.3384857177734,-3.66857227946175,-0.825,-1,-4.55,-3.99584776629453,-2,-0.359857316668081,0,0,0,-0.5,0,0,0,0,0.263986314874486,0,-57.678165435791,0,0,-1.03970569047187,-4.40951618963478,-2.61989416782068,13
7cpa,-13.9274652699539,-13.9274652699539,-40.5456275939941,-38.5248336791992,-3.33292480729334,0,0,0,-3.91916842403319,-4.5,0,0,0,0,0,-5,2.82462796137267,0,0,0,0,-79.0704612731934,0,0,-0.339694274876924,-2.9547581055002,-1.17133965363997,13.96
1xgj,-4.56979526493546,-4.56979526493546,-2.52694082260132,-23.8207015991211,-0.989309286801838,0,0,0,-1.64036844238518,-1.78655261993408,-0.000414667577808683,0,0,0,-0.362271733333333,0,0,0,0,0.209121485096782,0,-26.3476424217224,0,0,-0.207717966587975,-1.11702465008256,-0.582033911463571,6
2er9,-4.49375850445733,-4.49375850445733,-44.0055236816406,-29.6175594329834,-4.32891821782061,0,0,0,-2.64608438439154,-2,-0.0827728468109408,0,0,0,0,0,4,0,0.381125075016438,0.182891869549322,0,-73.623083114624,0,0,-0.0691347462224205,-0.868461958887737,-0.277971854563216,7.4
2fai,-9.68456101051759,-9.68456101051759,-30.8727035522461,-10.7208395004272,-5.18397985678256,-2.31479962143194,0,0,-1.02484552679401,-0.804062962532043,0,0,0,0,-0.5,0,0,0,0,0.143126957022968,0,-41.5935430526733,0,0,-0.484228050525879,-2.42372620273272,-1.31439714948433,6.24
1slg,-8.97072217505343,-8.97072217505343,-50.1754875183105,-22.4818344116211,-3.84081614151309,0,0,0,-4.23437184874427,-1.68613758087158,-0.9620346596901,0,0,0,0,0,0,0,1.51583295518052,0.236805100585088,0,-72.6573219299316,0,0,-0.152046138560228,-1.76674663144444,-0.591915071657817,3.9
1is0,-10.1199877691554,-10.1199877691554,-27.1645069122314,-38.7418403625488,-2.39069207438447,0,0,0,-3.9501433137882,-2,-0.10562984428773,0,0,0,0,-2.5,0,0,0.562958329191692,0.263519134113281,0,-65.9063472747803,0,0,-0.215318888705435,-2.08653191618072,-0.777048420109403,7
1utp,-2.23368454904424,-2.23368454904424,-12.0903625488281,-5.3151535987854,-2.19227372381117,0,0,0,0,-0.398636519908905,0,0,0,0,-0.5,0,0,0,0.298660870565952,0.558564824109882,0,-17.4055161476135,0,0,-0.203062231731294,-0.657372982306387,-0.451606360156003,1.44
1y1m,-7.05628907977329,-7.05628907977329,-11.885666847229,-15.673454284668,-0.505780008423197,-0.875,0,-1.3,-2.7,-1.1755090713501,0,0,0,0,-0.5,0,0,0,0,0,0,-27.559121131897,0,0,-0.78403211997481,-2.2070045156641,-1.63085252831824,1.82
1e5a,-4.74630051874121,-4.74630051874121,-18.6467742919922,-3.29047322273254,-1.82381996036961,-0.475,0,0,-1.8,-0.246785491704941,0,0,0,0,-0.400695066666667,0,0,0,0,0,0,-21.9372475147247,0,0,-0.474630051874121,-1.43714707875652,-1.0225594479044,7.64
1h23,-14.4567410161286,-14.4567410161286,-48.1300392150879,-23.2753105163574,-7.5447123230867,-1.94095663025123,-1,0,-1.36765527016901,-1.74564828872681,0,-1.28793190951218,0,0,0,-4.03034552760975,4,0,0,0.460508933227127,0,-71.4053497314453,0,0,-0.401576139336904,-3.15407031371361,-1.32597519539854,8.35
1bcu,-5.05776966610274,-5.05776966610274,-29.3921318054199,-6.38165092468262,-3.84227072021484,0,0,0,-0.236875126536702,-0.478623819351196,0,0,0,0,-0.5,0,0,0,0,0,0,-35.7737827301025,0,0,-0.316110604131421,-1.34066288124298,-0.796548807744158,3.28
2cet,-11.951027687664,-11.951027687664,-17.3131351470947,-37.1689491271973,-1.78011517544991,-0.6736093577237,0,0,-7.25266482531142,-2,0,0,0,0,-0.4821702,0,0,0,0,0.237531870821012,0,-54.482084274292,0,0,-0.543228531257456,-2.92126709119175,-1.52214770854921,8.02
4tmn,-9.84839118599137,-9.84839118599137,-25.5867671966553,-18.4521255493164,-4.10347021487142,0,0,0,-2.86101155492122,-1.38390941619873,0,0,0,0,0,-1.5,0,0,0,0,0,-44.0388927459717,0,0,-0.273566421833094,-2.14865288400197,-0.903296421554301,10.17
1mq6,-6.4757312004309,-6.4757312004309,-58.3092727661133,-9.02941131591797,-7.18045777744439,-0.217068466146057,0,0,-0.615116086673174,-0.677205848693848,-0.343603285343027,-0.9375,0,0,0,-0.75,4,0,0.0361028794970746,0.209117384372524,0,-67.3386840820312,0,0,-0.179881422234192,-1.41282959389542,-0.593955368935514,11.15
1o0h,-9.73050144490041,-9.73050144490041,-26.3633785247803,-40.1930923461914,-1.64674815873167,0,0,-0.306679112919127,-4.41398635132217,-2,0,0,0,0,-0.0860756666666663,-1.5,0,0,0.0577034971710846,0.165284347568141,0,-66.5564708709717,0,0,-0.360388942403719,-2.265100316519,-1.08116682602337,5.92
1nc1,-9.94761600034836,-9.94761600034836,11.9594774246216,-19.2455997467041,-1.84795048764674,-0.608268152288258,-1.5,0,-3.18060224849166,-1.44341998100281,-1.0461657119943,0,0,0,-0.5,0,0,0,0,0.178790581075407,0,-7.28612232208252,0,0,-0.497380800017418,-2.48956019055313,-1.35009920437517,6.12
2brb,-5.3497522929306,-5.3497522929306,-36.3106994628906,-4.96556377410889,-3.90931357497643,-0.125,-0.71628747425809,0,-0.310280246396132,-0.372417283058167,-0.342038447856499,0,0,0,-0.3954404,0,0,0,0.453741896655536,0.367283236959187,0,-41.2762632369995,0,0,-0.213990091717224,-1.26805161256381,-0.625710823311599,4.86
1nvq,-12.2853135841281,-12.2853135841281,-43.461368560791,-20.2133159637451,-5.08606769289358,-0.25,0,-1.95,-2.49997921736293,-1.51599869728088,-0.983267976590718,0,0,0,0,0,0,0,0,0,0,-63.6746845245361,0,0,-0.341258710670225,-2.68032351324073,-1.12681143433868,8.25
1q8t,-5.75340557350025,-5.75340557350025,-28.7177314758301,-10.8410882949829,-3.42250089518581,0,-1.5,0,-0.7,-0.813081622123718,-0.18194648576668,0,0,0,-0.5,0,1,0,0,0.364123429575958,0,-39.558819770813,0,0,-0.319633642972236,-1.47888323572747,-0.837677118312061,4.76
2j78,-7.89832651056575,-7.89832651056575,13.6488552093506,-28.6042900085449,-0.238909987625771,0,0,0,-5.42123276855058,-2,0,0,0,0,-0.5,0,0,0,0,0.261816245610607,0,-14.9554347991943,0,0,-0.607563577735827,-2.21555083076688,-1.42858531410456,6.42
1sqa,-8.41001880265233,-8.41001880265233,-38.975269317627,-16.6443557739258,-4.61623587350893,0,0,0,-1.7421659573459,-2.54832668304443,-0.130283687037791,0,0,0,-0.121749933333333,0,0,0,0.575646641600972,0.173096690017083,0,-55.6196250915527,0,0,-0.271290929117817,-1.89671697612146,-0.852228074924482,9.21
1u1b,-3.23538664673807,-3.23538664673807,-44.8848266601562,-23.2441024780273,-2.2448313967233,0,0,0,-3.13026447126192,-1.74330768585205,-0.56713480215179,0,0,0,0,0,4,0,0.365276077308366,0.0848756319426237,0,-68.1289291381836,0,0,-0.0634389538576092,-0.65602210777084,-0.23525890470833,7.8
1a30,-7.42151384558062,-7.42151384558062,-27.3812065124512,-11.5930500030518,-2.68334744592628,0,0,0,-3.36122326745771,-0.869478750228882,-0.846111200022518,0,0,0,-0.255471933333333,0,0,0,0,0.5941187513881,0,-38.9742565155029,0,0,-0.285442840214639,-1.74291817466145,-0.845623290972528,4.3
1ydt,-11.8678789022625,-11.8678789022625,-43.2746200561523,-9.82174110412598,-5.92410859921779,-1.72945034971857,-1.5,0,-0.7,-0.736630582809448,-0.231711764273871,0,0,0,-0.00876786666666646,-1.5,0,0,0.205517768464092,0.257272491959766,0,-53.0963611602783,0,0,-0.439551070454166,-2.76264655117156,-1.31865320991381,7.32
1gpk,-9.00852924807186,-9.00852924807186,-25.4265403747559,-15.1005611419678,-4.05838237131055,-1.11760479111372,0,0,-0.7,-1.13254208564758,0,0,0,0,-0.5,-1.5,0,0,0,0,0,-40.5271015167236,0,0,-0.500473847115103,-2.31559599151097,-1.31161252658984,5.37
1e66,-9.75013035255081,-9.75013035255081,-37.5557899475098,-4.39623689651489,-6.03294452804143,-2.01246805727076,0,0,0,-0.329717767238617,0,-1.875,0,0,-0.5,-3,4,0,0,0,0,-41.9520268440247,0,0,-0.464291921550038,-2.4107000276747,-1.28094620596289,9.89
1p1q,-8.26355612958922,-8.26355612958922,5.13255643844604,-18.7361888885498,-0.212666493037512,0,0,-1.3,-3.17408992945117,-3.35521416664124,0,0,0,0,-0.5,0,0,0,0,0.2784144595407,0,-13.6036324501038,0,0,-0.635658163814555,-2.31800098710894,-1.49464508883215,4.89
1o3f,-6.85148742183851,-6.85148742183851,9.65675354003906,-18.2726783752441,-2.44148766662863,0,0,0,-2.64478062738991,-2.67045087814331,0,0,0,0,-0.405376266666666,0,1,0,0.206113180105874,0.104494836884138,0,-8.61592483520508,0,0,-0.274059496873541,-1.62400784148525,-0.801354829324105,7.96
1d09,-10.5079478739326,-10.5079478739326,-2.95064926147461,-43.5334510803223,-0.146579092831265,0,0,0,-8.44880335144197,-2,0,0,0,0,-0.5,0,0,0,0,0.587434570340678,0,-46.4841003417969,0,0,-0.656746742120785,-2.78534148500926,-1.65489808816626,7.57
2qwb,-5.97886667504352,-5.97886667504352,-6.46795129776001,-20.4894962310791,-0.498095095143366,0,0,0,-3.98136463919229,-1.53671221733093,0,0,0,0,-0.472460266666666,0,0,0,0.176039149979977,0.333726393309756,0,-26.9574475288391,0,0,-0.284707936906834,-1.47826270396683,-0.785487609542712,2.74
1g7q,-5.7810984083832,-5.7810984083832,-27.5321445465088,-60.1240272521973,-2.36425106792627,0,0,0,-4.80690748505954,-2,-0.074888205512194,0,0,0,0,0,2.5,0,0.67238863818674,0.292559711928066,0,-87.6561717987061,0,0,-0.101422779094442,-1.14634932332654,-0.390325679556163,6.06
1f4f,-3.31555815426568,-3.31555815426568,-29.7125053405762,-6.44600009918213,-3.5675107170954,0,0,0,-0.00732515325524206,-0.48345000743866,-0.523760646419583,0,0,0,-0.0820303999999995,0,1,0,0.019654529974677,0.328864239968523,0,-36.1585054397583,0,0,-0.114329591526403,-0.759178742026265,-0.351256727326096,4.62
3pce,-1.63112503263403,-1.63112503263403,29.27317237854,-13.5590867996216,0.944594959645869,-1.05878848230828,0,0,0,-1.01693150997162,0,0,0,0,-0.5,0,0,0,0,0,0,15.7140855789185,0,0,-0.148284093875821,-0.480039819264558,-0.329780872264343,2
1zoe,-4.898117619233,-4.898117619233,-28.5180778503418,0.397409021854401,-3.97517389283809,-0.825,0,0,0,0.02980567663908,-0.12774940303399,0,0,0,0,0,0,0,0,0,0,-28.1206688284874,0,0,-0.306132351202063,-1.29834391709812,-0.771405185953648,7.4
4tim,-6.37615431192523,-6.37615431192523,2.10437321662903,-20.2678737640381,-0.218956849228421,0,0,0,-4.73428403062487,-1.52009053230286,0,0,0,0,-0.5,0,0,0,0,0.597177100230917,0,-18.1635005474091,0,0,-0.579650391993203,-1.87650112790971,-1.28913093025318,2.16
1tok,-8.50773719740926,-8.50773719740926,-8.34951210021973,-24.8056411743164,-0.79941625590524,0,0,-3.25,-2.7,-1.86042308807373,0,0,0,0,-0.5,0,0,0,0,0.602102146569713,0,-33.1551532745361,0,0,-1.06346714967616,-2.7627532727146,-2.12693429787804,2.47
2fdp,-16.4945215094191,-16.4945215094191,-55.6541213989258,-32.820011138916,-6.07491610993698,-0.484565449055361,-1.5,0,-5.46551003459079,-3.3,0,0,0,0,0,0,0,0,0.0978061853110998,0.232663898852909,0,-88.4741325378418,0,0,-0.402305402668759,-3.49936762947425,-1.38723642366433,7.59
3pcj,-8.79424241670673,-8.79424241670673,2.29569983482361,-28.8879318237305,0.0461635904595134,-1.39912328453844,0,0,-0.316282722627798,-5.125,0,0,0,0,-0.5,-1.5,0,0,0,0,0,-26.5922319889069,0,0,-0.799476583336975,-2.58814404525898,-1.77802000279664,7.22
1uwt,-5.23372439605464,-5.23372439605464,5.35770225524902,-25.1731929779053,-0.548194698048475,0,0,0,-4.53550127322419,-1.8879894733429,0,0,0,0,-0.5,0,1.97614480295032,0,0,0.261816245610607,0,-19.8154907226562,0,0,-0.402594184311895,-1.46810623974231,-0.946633669837847,5.97
2baj,-10.0193043594174,-10.0193043594174,-48.1942520141602,-6.5726490020752,-7.35473115086657,-1.025,0,0,-1.17351522371269,-0.49294867515564,-0.0243692819611723,0,0,0,-0.155651999999999,0,0,0,0,0.206911972278722,0,-54.7669010162354,0,0,-0.371085346645087,-2.33232887373039,-1.11325603871222,8.4
1if7,-7.16127589188145,-7.16127589188145,-17.1996650695801,-12.5869007110596,-1.95207967188532,0,0,0,0,-3.44401755332947,0,0,0,0,-0.265178666666666,-1.5,0,0,0,0,0,-29.7865657806396,0,0,-0.275433688149287,-1.68180214514557,-0.815971217363032,10.52
2d3z,-7.37842735797754,-7.37842735797754,-32.3651962280273,-9.49364757537842,-4.97573816533035,-0.891902201194564,0,0,-0.7,-0.712023568153381,-0.20304212659988,0,0,0,-0.198564923333333,0,0,0,0.0834984677968537,0.219345158837118,0,-41.8588438034058,0,0,-0.283785667614521,-1.73279945442616,-0.840713923665337,6.64
1nja,-8.18617590926628,-8.18617590926628,-18.8366813659668,-23.13010597229,-1.38255645956767,0,0,0,-4.84087597606132,-1.73475794792175,0,0,0,0,-0.4827292,0,0,0,0,0.254743674284467,0,-41.9667873382568,0,0,-0.409308795463314,-2.04872983193769,-1.11103500392341,6.31
2ayr,-13.5650278494585,-13.5650278494585,-50.3126983642578,-9.60927963256836,-8.36815234146592,-2.7,0,0,-1.5136239966202,-0.720695972442627,-0.4,0,0,0,0,0,0,0,0,0.137444461070239,0,-59.9219779968262,0,0,-0.366622374309689,-2.94193653117528,-1.22166708550662,9.29
2cer,-9.23434943544319,-9.23434943544319,-5.95722436904907,-35.9745407104492,-1.70266137104459,0,0,0,-6.28704973521962,-2,0,0,0,0,-0.4821702,0,1,0,0,0.237531870821012,0,-41.9317650794983,0,0,-0.419743156156509,-2.25721183310204,-1.17613683111213,9.22
2qwd,-5.86659237784869,-5.86659237784869,0.666210353374481,-25.6670475006104,-0.0654731768628936,0,0,0,-3.74684174501798,-1.92502856254578,0,0,0,0,-0.5,0,0,0,0,0.370751106577958,0,-25.0008371472359,0,0,-0.293329618892434,-1.46821457900899,-0.796219084195608,4.85
1fh8,-9.61658299786691,-9.61658299786691,-19.2114086151123,-28.3322315216064,-1.27018245747579,-0.499996556145933,0,0,-4.24194084959486,-3.3,-0.0902698756214576,0,0,0,-0.5,0,0,0,0.118116075292498,0.167690665678637,0,-47.5436401367188,0,0,-0.565681352815701,-2.50875235336911,-1.4545260473,6.89
1ftm,-9.42264314381873,-9.42264314381873,-19.7267074584961,-19.5711555480957,-1.23622266522534,0,0,2.22044604925031e-16,-3.24699827202691,-4.71783666610718,0,0,0,0,-0.5,0,0,0,0,0.2784144595407,0,-39.2978630065918,0,0,-0.724818703370671,-2.64313520305608,-1.7042913580871,7.61
2qwe,-6.17882550176853,-6.17882550176853,-2.33353686332703,-21.0372619628906,-0.554085635944311,0,0,0,-4.09317760954073,-1.5777946472168,0,0,0,0,-0.392300666666666,0,0,0,0,0.438533057599969,0,-23.3707988262177,0,0,-0.268644587033414,-1.49409603281969,-0.763989469581692,7.48
1toj,-11.3247755652272,-11.3247755652272,-19.314582824707,-15.0661678314209,-2.38759627658565,-1.40497108778697,0,-3.25,-2.85,-1.12996258735657,0,0,0,0,-0.5,0,0,0,0,0.197754386501962,0,-34.3807506561279,0,0,-1.02952505138429,-3.33287951982716,-2.28964321519091,3.39
1pr5,-6.96597937072945,-6.96597937072945,-12.0941677093506,-19.8356761932373,-1.7853653011767,0,0,0,-2.42657719061647,-1.4876757144928,-0.917105471248457,0,0,0,-0.5,0,0,0,0,0.150744306804981,0,-31.9298439025879,0,0,-0.366630493196287,-1.76602538599837,-0.978317411556513,3.92
1f4e,-2.20825297488962,-2.20825297488962,-20.5655612945557,-6.95009183883667,-2.25211392962028,0,0,0,-0.147387245868205,-0.52125688791275,0,0,0,0,-0.5,0,1,0,0,0.212505088511614,0,-27.5156531333923,0,0,-0.122680720827201,-0.567620040528929,-0.321514443033466,2.96
1y6q,-12.8230608096988,-12.8230608096988,-39.0018577575684,-19.2697277069092,-4.55287673477672,-0.747080947379611,-1.5,0,-2.44916999484788,-1.44522957801819,-0.4,0,0,0,-0.5,-1.5,0,0,0,0.27129644532363,0,-58.2715854644775,0,0,-0.641153040484939,-3.20918918781647,-1.74035710628782,11.7
1hfs,-17.5438274264258,-17.5438274264258,-70.4834213256836,-22.8241577148438,-10.8796726730269,-0.393370780352407,0,0,-2.05897214443326,-4.21181182861328,0,0,0,0,0,0,0,0,0,0,0,-93.3075790405273,0,0,-0.337381296662035,-3.5433172801787,-1.25927945223394,8.7
2d0k,-7.21084220254842,-7.21084220254842,-32.0666809082031,-17.8249912261963,-2.1459586245262,0,0,0,-2.35,-1.33687434196472,-0.406092308071996,0,0,0,-0.0320349333333331,-1.5,0,0,0.207149943788329,0.352968061559495,0,-49.8916721343994,0,0,-0.225338818829638,-1.61470412928532,-0.715406155292409,5.02
1ela,-6.50412515216344,-6.50412515216344,-31.9736614227295,-13.6495790481567,-3.30321331631792,0,0,0,-1.84887015839439,-1.02371842861176,-1.05881339334179,0,0,0,0,0,0,0,0.318832105341968,0.41165803916045,0,-45.6232404708862,0,0,-0.203253911005107,-1.45645091732491,-0.645290943546847,6.36
1rnt,-10.6389116076628,-10.6389116076628,-19.2492408752441,-20.1103668212891,-1.24181923368601,0,-2.25,-1.3,-4.21924847795033,-1.50827751159668,-0.166940129912157,0,0,0,-0.2959842,0,0,0,0.210996528391462,0.132361417090923,0,-39.3596076965332,0,0,-0.443287983652616,-2.54637973555664,-1.27866380653629,5.19
1ndy,-7.17837364283392,-7.17837364283392,-28.4912033081055,-13.6975173950195,-3.14202349041333,-1.28024421446079,0,0,-1.26,-1.02731380462646,0,0,0,0,-0.468792133333333,0,0,0,0,0,0,-42.188720703125,0,0,-0.312103201862344,-1.73579583673075,-0.887579989154601,6.17
1j17,-8.9343174894205,-8.9343174894205,-49.2285308837891,-8.11671447753906,-7.00854056791219,0,0,0,0,-0.60875358581543,0,-1.51124185738824,0,0,0,-1.20899348591059,1,0,0.228233507331643,0.174978500274321,0,-57.3452453613281,0,0,-0.262774043806485,-1.97384133253021,-0.851285892384249,5.22
1ols,-13.6102018189437,-13.6102018189437,-33.1882972717285,-40.2355537414551,-2.04103322531145,-0.199307126965541,0,-1.95,-4.3275,-4.5,0,0,0,0,-0.0923614666666663,-1.5,1,0,0,0,0,-73.4238510131836,0,0,-0.523469300728602,-3.19631123846422,-1.55077574365625,5.82
3std,-12.6793840256371,-12.6793840256371,-50.492790222168,-6.31288576126099,-8.32906611483699,-2.7,0,0,-1.26386242630113,-0.473466432094574,0,0,0,0,-0.285192,0,0,0,0,0.372202947595576,0,-56.805675983429,0,0,-0.452835143772754,-2.92677411600874,-1.37507420213073,11.11
1avn,-1.40552992265678,-1.40552992265678,-2.65969133377075,-4.29089117050171,-0.114785802414474,0,0,0,-0.600816633987726,-0.321816837787628,0,0,0,0,-0.5,0,0,0,0.131889351533048,0,0,-6.95058250427246,0,0,-0.175691240332097,-0.45642364163538,-0.351382480420635,3.9
5er1,-4.09390787785146,-4.09390787785146,-35.5264320373535,-12.1529979705811,-3.25506951911191,0,0,0,-1.48342680330371,-0.911474847793579,-0.0405603223008192,0,0,0,0,0,0,0,1.1434166538024,0.453206960856153,0,-47.6794300079346,0,0,-0.11064615886085,-0.887872643888324,-0.368697547913036,6.02
2drc,-7.15707603225049,-7.15707603225049,-29.4274845123291,-17.7369956970215,-2.69594195844707,0,0,0,-3.46695449404814,-1.33027467727661,0,0,0,0,0,0,0,0,0,0.336095097521339,0,-47.1644802093506,0,0,-0.216881091886378,-1.59169665221608,-0.695653546941752,9.89
1pb9,-4.69682774986969,-4.69682774986969,0.126309230923653,-19.1672782897949,0.00505236923694611,-0.2,0,0,-2.56433424737201,-1.43754587173462,0,0,0,0,-0.5,0,0,0,0,0,0,-19.0409690588713,0,0,-0.670975392838527,-1.59435539857719,-1.28352975100123,3.62
1d7j,-3.44983166541405,-3.44983166541405,-10.8307790756226,-4.17425155639648,-1.17032251050224,0,-1,0,-0.7,-0.313068866729736,-0.4,0,0,0,-0.5,0,0,0,0,0.633559711817923,0,-15.005030632019,0,0,-0.574971944235675,-1.23571951790244,-1.04479335954737,3.3
1pxo,-6.85681314682614,-6.85681314682614,8.93026351928711,-2.73301863670349,-1.44351944217846,-1.125,0,-2.25548133060117,-1.17910973506054,-0.204976397752762,-0.4,0,0,0,-0.405499733333333,0,0,0,0,0.15677349210013,0,6.19724488258362,0,0,-0.298122310731571,-1.6580395930467,-0.847820194560452,8.7
2g8r,-2.28930034795145,-2.28930034795145,-12.6349515914917,-10.546854019165,-1.40106154958,0,0,0,-0.510403471353628,-0.791014051437378,-0.203211173197734,0,0,0,-0.315522866666666,0,0,0,0.737231643736689,0.194681120547263,0,-23.1818056106567,0,0,-0.091572013918058,-0.542632787259855,-0.267758192732984,3.99
1ndw,-6.28821254969213,-6.28821254969213,-23.4624538421631,-12.5285882949829,-2.29348101296276,-1.325,0,0,-1.23008741460565,-0.939644122123718,0,0,0,0,-0.5,0,0,0,0,0,0,-35.991042137146,0,0,-0.330958555246954,-1.59419693976886,-0.883130353612831,5.23
1fh7,-12.1654484802307,-12.1654484802307,-4.98716592788696,-35.390998840332,-0.76546444314498,-0.399953728710127,0,0,-5.5179604451728,-2,-0.11754218436715,-0.841809600727175,0,0,-0.5,-2.17344768058174,0,0,0,0.150729602473299,0,-40.378164768219,0,0,-0.675858248901704,-3.12706580175502,-1.77124968780771,5.24
1jys,-5.53806789623732,-5.53806789623732,-12.7415161132812,-5.41298723220825,-1.04682206923573,0,-1.5,0,-1.14088493307194,-0.405974042415619,-0.944386851514024,0,0,0,-0.5,0,0,0,0,0,0,-18.1545033454895,0,0,-0.553806789623732,-1.67688878266468,-1.19314055822479,3.52
1om1,-2.82748115543793,-2.82748115543793,-24.4901180267334,-11.8528413772583,-5.37012203740548,-1.075,0,0,-1.10952606369374,-0.888963103294373,-0.38386995104434,0,0,0,-0.5,0,6.5,0,0,0,0,-36.3429594039917,0,0,-0.128521870701724,-0.691139529270069,-0.360123336184585,6.77
1nfy,-7.5669377201543,-7.5669377201543,-47.4184150695801,-10.4661750793457,-5.57704352928359,-0.265433662411206,0,0,-0.7,-0.784963130950928,-0.4,0,0,0,0,0,0,0,0,0.160502602491421,0,-57.8845901489258,0,0,-0.252231257338477,-1.71929069840912,-0.783741160931175,8.89
1fkb,-9.99200432811314,-9.99200432811314,-36.4514923095703,-18.637186050415,-3.70399467638871,-1.35684935795443,-1,0,-2.82563921283152,-1.39778895378113,-0.336467757499462,0,0,0,0,0,0,0,0.594759714971508,0.0339759153706072,0,-55.0886783599854,0,0,-0.153723143509433,-1.93105073256619,-0.618078601939626,9.7
1loq,-13.1744621316568,-13.1744621316568,-11.5646877288818,-34.4479331970215,-1.4605123494047,-0.4,0,-1.95,-6.86298615558604,-2,-0.295367999575257,0,0,0,-0.419395733333333,0,0,0,0,0.213800106242575,0,-46.0126209259033,0,0,-0.627355339602703,-3.25735914054476,-1.73082581185517,3.7
4tln,-5.55863197956836,-5.55863197956836,6.25429916381836,-17.9178562164307,0.136183379925771,0,0,0,-0.725976143261827,-4.4688392162323,0,0,0,0,-0.5,0,0,0,0,0,0,-11.6635570526123,0,0,-0.555863197956836,-1.68311544534013,-1.1975709556711,3.72
1trd,-4.47439984815137,-4.47439984815137,7.82463026046753,-15.6910171508789,0.312985210418701,0,0,0,-4.01648701008692,-1.17682628631592,0,0,0,0,-0.5,0,0,0,0,0.905928237832759,0,-7.86638689041138,0,0,-0.447439984815137,-1.35481743003175,-0.963980224253189,5.4
2d1o,-12.3267719156877,-12.3267719156877,-22.8125820159912,-24.8186988830566,-4.96376857239943,0,0,0,-1.47597348809899,-4.38702985518925,0,0,0,0,0,-1.5,0,0,0,0,0,-47.6312808990479,0,0,-0.373538542899626,-2.74141024943978,-1.19813769853074,7.7
1k9s,-6.58303606961521,-6.58303606961521,-18.8807353973389,-23.5186214447021,-2.6524485256226,0,0,0,-3.600767032637,-1.76389660835266,-0.75814191166973,0,0,0,-0.5,0,2.5,0,0,0.192218008666767,0,-42.399356842041,0,0,-0.329151803480761,-1.64751680516371,-0.893455453009977,6.52
1ndz,-4.02599236741182,-4.02599236741182,-46.9607810974121,-13.4620923995972,-5.42953713957271,-0.375,0,0,-1.21179829786933,-1.00965692996979,0,0,0,0,0,0,4,0,0,0,0,-60.4228734970093,0,0,-0.108810604524644,-0.87314336183943,-0.362581073651408,8.11
2cgr,-6.98998733525821,-6.98998733525821,-39.7883682250977,-7.9103798866272,-4.56717648958973,-0.162433672187354,0,0,-1.44320724928935,-0.59327849149704,-0.4,0,0,0,-0.218565,0,0,0,0,0.394673567305265,0,-47.6987481117249,0,0,-0.241034046043386,-1.60052984898892,-0.740532954391036,7.28
1toi,-11.2124571222902,-11.2124571222902,-18.9402694702148,-15.3665056228638,-2.34738039475125,-1.325,0,-3.25,-2.8353431923261,-1.15248792171478,0,0,0,0,-0.5,0,0,0,0,0.197754386501962,0,-34.3067750930786,0,0,-1.01931428384456,-3.29982422120268,-2.26693467149127,4.05
2brm,-7.07712162816701,-7.07712162816701,-35.5514373779297,-7.2082142829895,-3.65685121009662,0,-1.5,0,-0.622946020584482,-0.540616071224213,-0.727206262610447,0,0,0,-0.398722933333333,0,0,0,0,0.369220869682085,0,-42.7596516609192,0,0,-0.28308486512668,-1.67748991009663,-0.827745166161874,5.89
2fzc,-0.0692975344360875,-0.0692975344360875,-1.36131596565247,-17.5421123504639,-0.0544526386260986,0,0,0,-2.15543791492685,-1.31565842628479,0,0,0,0,-0.4895882,0,3.05438675692727,0,0.118106605423047,0.773346283051333,0,-18.9034283161163,0,0,-0.00384986302422709,-0.0178125739000229,-0.0100894953799054,2.7
6rnt,-5.43597577657916,-5.43597577657916,-19.4139804840088,-18.8706245422363,-0.833200938639389,0,0,0,-3.07604103722531,-1.41529684066772,0,0,0,0,-0.349315533333333,0,0,0,0.0329168796823146,0.204961693604279,0,-38.2846050262451,0,0,-0.236346772894746,-1.31446823348,-0.67213878252735,2.37
1fd0,-16.0127593999876,-16.0127593999876,-57.0745048522949,-12.5453681945801,-9.80101121088093,-2.7,0,-1.3,-0.815818241515085,-0.940902614593506,-0.4,0,0,0,-0.165034866666666,0,0,0,0,0.110007533668593,0,-69.619873046875,0,0,-0.533758646666253,-3.63827340866503,-1.65851221537501,8.4
1dhi,-7.55551097658364,-7.55551097658364,-39.8833923339844,-14.2363452911377,-3.14368529148762,0,0,0,-3.05494964701841,-1.06772589683533,-0.625245238763622,0,0,0,0,0,0,0,0,0.336095097521339,0,-54.1197376251221,0,0,-0.228954878078292,-1.68030652085004,-0.734380630600208,7.26
1hi4,-9.10201721188172,-9.10201721188172,-4.09239339828491,-40.1879501342773,-0.707292866919678,0,0,0,-3.995,-2,0,0,0,0,-0.0894354666666663,-2.5,0,0,0,0.189711121704618,0,-44.2803435325623,0,0,-0.337111748588212,-2.11879954844462,-1.01133524465357,4.49
1nje,-8.96078996325531,-8.96078996325531,-21.0161647796631,-20.8549709320068,-1.34819032456814,0,0,-0.357583128543273,-5.65669327737399,-1.56412281990051,0,0,0,0,-0.4827292,0,0,0,0.27020821513148,0.178320571999127,0,-41.8711357116699,0,0,-0.448039498162765,-2.24259018116976,-1.21616630552892,3.8
1b8o,-10.745604920078,-10.745604920078,-30.1374378204346,-21.8050994873047,-3.4555714682516,0,-1,0,-4.37,-1.63538246154785,0,0,0,0,-0.5,0,0,0,0,0.215349009721401,0,-51.9425373077393,0,0,-0.565558153688318,-2.72424164167165,-1.50913630826886,10.64
1jaq,-7.15244438748395,-7.15244438748395,-26.5849475860596,-18.2217407226562,-1.84729996070223,0,0,0,-1.31791033924916,-4.49163055419922,0,0,0,0,-0.495603533333333,0,1,0,0,0,0,-44.8066883087158,0,0,-0.340592589880188,-1.76842742193066,-0.939669129563096,4.48
2h3e,-11.7300954752781,-11.7300954752781,-18.4180736541748,-57.9495811462402,-0.971072122236385,0,0,0,-6.23538861474041,-2,0,0,0,0,-0.5,-2.5,0,0,0,0.476365261698649,0,-76.367654800415,0,0,-0.733130967204884,-3.10929611969841,-1.84737427411511,5.7
1pz5,-8.34892595679359,-8.34892595679359,-56.7864112854004,-17.4232635498047,-5.43141356928128,0,0,0,-1.33532460672597,-1.30674476623535,-0.647391150747314,0,0,0,0,0,0,0,0.176660098745399,0.195288037450922,0,-74.2096748352051,0,0,-0.124610835176024,-1.60411508754393,-0.506112900194779,5.4
1ajq,-5.92277049120579,-5.92277049120579,-18.0756778717041,-11.0334768295288,-2.3782086405724,-1.175,0,0,-1.04205108841873,-0.827510762214661,0,0,0,0,-0.5,0,0,0,0,0,0,-29.1091547012329,0,0,-0.658085610133976,-1.85247246414588,-1.36887323082035,4.31
1fcx,-14.5151006647417,-14.5151006647417,-58.1725730895996,-11.6499080657959,-10.1182536692315,-2.7,0,0,-0.627188907456535,-0.873743104934692,-0.0987219216312632,0,0,0,-0.208364066666666,0,0,0,0,0.111171005179018,0,-69.8224811553955,0,0,-0.500520712577299,-3.32358998103104,-1.53775820512948,7.19
1u33,-7.73025788025548,-7.73025788025548,19.9812622070312,-34.8652801513672,-0.657354469937269,0,0,0,-6.05952897538662,-2,-0.359949347625304,0,0,0,0,0,1,0,0.0954195235054285,0.251155389188281,0,-14.8840179443359,0,0,-0.214729385562652,-1.68653342203912,-0.709020808480792,4.6
1tmn,-10.4003849811676,-10.4003849811676,-29.6011714935303,-24.443021774292,-2.45235178890944,0,0,0,-3.61480655918626,-4.3332266330719,0,0,0,0,0,0,0,0,0,0,0,-54.0441932678223,0,0,-0.297153856604789,-2.28311532747447,-0.972009968130591,7.3
1pbq,-12.7189444080322,-12.7189444080322,-27.8589897155762,-11.6081857681274,-3.38233946331881,-0.680493032389364,-1.5,-3.25,-2.53549797971448,-0.870613932609558,0,0,0,0,-0.5,0,0,0,0,0,0,-39.4671754837036,0,0,-0.794934025502013,-3.37141028203069,-2.00310822216404,6.27
1nhu,-4.53561087518274,-4.53561087518274,-29.4937705993652,-5.61848640441895,-3.88895392209735,-0.475,0,0,-0.618473523660201,-0.421386480331421,-0.0100771430477492,0,0,0,0,0,0,0,0.700223024572422,0.178057169381559,0,-35.1122570037842,0,0,-0.137442753793417,-1.00869637450437,-0.440852350687733,5.66
1df8,-13.0626307663601,-13.0626307663601,-32.0033416748047,-22.3151168823242,-3.52231897952615,-0.875,-1,-2.96274323051857,-2.3972786848507,-1.67363376617432,-0.395642420164808,0,0,0,-0.5,0,0,0,0,0.263986314874486,0,-54.3184585571289,0,0,-0.816414422897503,-3.46251121659633,-2.05723543179139,9.7
1syh,-16.0193771910691,-16.0193771910691,-19.5166912078857,-24.7938098907471,-1.86785455910708,-0.8,0,-5.12642804926138,-4.65612874389555,-3.15953574180603,0,0,0,0,-0.5,0,0,0,0,0.0905699030008958,0,-44.3105010986328,0,0,-0.942316305357008,-4.17909877515918,-2.42296056625331,6.31
1bxo,-9.89840801615549,-9.89840801615549,-52.0197448730469,-24.3732795715332,-3.87471488941046,0,0,0,-4.28367249042753,-1.82799596786499,-0.0742530302779039,0,0,0,0,0,0,0,0.0459162504483365,0.116312111377054,0,-76.3930244445801,0,0,-0.224963818548989,-2.0689832079354,-0.794200641321214,10
2f80,-8.41060515112449,-8.41060515112449,-37.2488899230957,-16.1703987121582,-4.65870888189713,0,-0.5,0,-2.10944465049823,-1.21277990341187,-0.225694074638206,0,0,0,0,0,0,0,0,0.296022359320932,0,-53.4192886352539,0,0,-0.221331714503276,-1.81357388551908,-0.744111780002407,8.18
2bak,-9.10968078743972,-9.10968078743972,-42.289680480957,-9.63886642456055,-7.15914273061906,-1.13025213621619,-1.5,0,-1.45804605139636,-0.722914981842041,-0.576441897263796,0,0,0,0,0,3,0,0.245486452606573,0.191630557291149,0,-51.9285469055176,0,0,-0.211853041568366,-1.91331608965836,-0.742205533987113,7.43
1olu,-7.69003471234357,-7.69003471234357,-35.2879333496094,-40.4425315856934,-1.95532027421481,-0.248500809243844,0,-1.95,-3.75757537048177,-3.68627679173648,0,0,0,0,-0.0923614666666663,0,4,0,0,0,0,-75.7304649353027,0,0,-0.295770565859368,-1.80597941913189,-0.876219137557399,4.41
1fzj,-16.7558239154185,-16.7558239154185,-67.7971038818359,-46.4712181091309,-6.43026901104736,-2.01132962132039,0,0,-5.27372085592715,-2,-0.0318047518364334,0,0,0,0,-1.5,0,0,0.242982194502755,0.24831813021006,0,-114.268321990967,0,0,-0.246409175226743,-3.21023070792711,-1.00575726580888,8.1
1x1z,-15.3589946397518,-15.3589946397518,-18.7750453948975,-51.0554466247559,-1.87137868811081,-0.2,0,-3.25,-7.30293884886554,-2,-0.508135961788753,0,0,0,-0.3761438,0,0,0,0,0.149602659013316,0,-69.8304920196533,0,0,-0.698136119988718,-3.75429852289694,-1.95620486434396,11.06
1flr,-7.08512232255724,-7.08512232255724,-40.4621658325195,-19.2110767364502,-4.74631458244879,-2.625,0,0,-1.95078869712538,-1.44083075523376,0,0,0,0,-0.3956722,0,4,0,0,0.0734839122507039,0,-59.6732425689697,0,0,-0.283404892902289,-1.67938631442858,-0.828680933053472,10
2g94,-7.85749680059967,-7.85749680059967,-35.3212699890137,-32.7899322509766,-5.17259607411118,0,0,0,-5.39557937323604,-2,0,0,0,0,0,0,4,0,0.378376160684861,0.332302486062688,0,-68.1112022399902,0,0,-0.174611040013326,-1.63470949277638,-0.621072838325374,9.52
1bma,-7.17123121310512,-7.17123121310512,-37.9388236999512,-8.99840354919434,-4.89899853909928,0,0,0,-1.679936262681,-0.674880266189575,-0.4,0,0,0,0,0,0,0,0.126345113624743,0.356238741239991,0,-46.9372272491455,0,0,-0.193817059813652,-1.55527193261019,-0.645841441155461,4.59
1lol,-9.38194366728562,-9.38194366728562,-23.0156841278076,-26.1726112365723,-1.70275846640079,0,0,0,-5.22966042345043,-1.96294584274292,-0.464463354395468,0,0,0,-0.289341866666666,0,0,0,0.0924677420726226,0.174758544298033,0,-49.1882953643799,0,0,-0.390914319470234,-2.24552962892398,-1.1275920173714,6.39
1g7f,-4.01490921851319,-4.01490921851319,-28.855884552002,-31.3327732086182,-1.89848305122819,0,-1,0,-4.26442623563797,-2,-0.186868549707401,0,0,0,0,0,4,0,0.910307134072474,0.424561483987889,0,-60.1886577606201,0,0,-0.102946390218287,-0.860910506424896,-0.349112976098924,5.47
1ajp,-3.79329422170099,-3.79329422170099,-15.919361114502,-6.91307830810547,-2.33497968327945,-0.325,0,0,-0.35,-0.51848087310791,0,0,0,0,-0.5,0,0,0,0,0.235166334686369,0,-22.8324394226074,0,0,-0.316107851808416,-1.08849234797487,-0.723706319696616,2.23
1q7a,-0.751934872026466,-0.751934872026466,-18.5535011291504,-3.4849419593811,-2.17169084742855,-0.703548075078106,0,0,0,-0.261370646953583,0,0,0,0,-0.422114133333333,0,2.5,0,0,0.306788830767109,0,-22.0384430885315,0,0,-0.0313306196677694,-0.179972518918897,-0.0903731454108736,7.19
1m0n,-6.47077429021403,-6.47077429021403,-19.9791851043701,-32.692741394043,-1.76587036968136,0,-1,0,-4.28428005902682,-2,0,0,0,0,-0.192539533333333,0,2.5,0,0,0.271915671827478,0,-52.6719264984131,0,0,-0.258830971608561,-1.53376742023835,-0.756826351370261,2.22
2ctc,-6.7724659645575,-6.7724659645575,-5.40239095687866,-24.0903568267822,-1.28568920254884,0,0,0,-3.18,-1.80677676200867,0,0,0,0,-0.5,0,0,0,0,0,0,-29.4927477836609,0,0,-0.564372163713125,-1.94337084035508,-1.29208970673587,3.89
1v16,-13.4796196323888,-13.4796196323888,-34.7115592956543,-40.3754768371582,-1.91079450126199,-0.35,0,-1.95,-4.17646366446013,-4.5,0,0,0,0,-0.0923614666666663,-1.5,1,0,0,0,0,-75.0870361328125,0,0,-0.51844690893803,-3.16564444042691,-1.53589692773884,3.87
2j77,-11.804817709948,-11.804817709948,6.60989618301392,-36.8087425231934,-0.187888598066096,0,0,0,-6.20505905154686,-2,0,-0.878517009182022,0,0,-0.5,-2.20281360734562,0,0,0,0.169460556192585,0,-30.1988463401794,0,0,-1.07316524635891,-3.47415584124994,-2.38669813988545,4.89
1ttm,-6.53571196728033,-6.53571196728033,-10.3183927536011,-7.78260803222656,-1.47978523153001,0,0,0,0,-3.08369560241699,0,0,0,0,-0.472231133333333,-1.5,0,0,0,0,0,-18.1010007858276,0,0,-0.311224379394302,-1.61594157726052,-0.858644463718762,7.35
1zc9,-5.55466528909211,-5.55466528909211,-12.0815668106079,-10.9691667556763,-1.70247367563069,0,0,0,-1.40081868641492,-2.12268750667572,0,0,0,0,-0.5,0,0,0,0,0.171314579629217,0,-23.0507335662842,0,0,-0.347166580568257,-1.47237499183169,-0.87480496454745,3.22
1fzk,-12.7757786146257,-12.7757786146257,-63.8971405029297,-42.264232635498,-5.47098881936755,-1.9356332520304,0,0,-3.24694072226471,-2,-0.000451484600679557,0,0,0,0,-1.5,1,0,0.188206189284316,0.190029474353377,0,-106.161373138428,0,0,-0.187879097273907,-2.44769800836889,-0.76685767485308,8.4
2bz6,-10.1536304652405,-10.1536304652405,-39.071460723877,-12.800576210022,-5.33760789361618,0,0,0,-2.21739386539438,-2.26004321575165,-0.228417716391108,0,0,0,-0.108564123333333,-0.676734940493854,0,0,0.470956597510699,0.204174692229323,0,-51.8720369338989,0,0,-0.338454348841349,-2.30701547436754,-1.05165635330899,7.09
2std,-9.65544087236773,-9.65544087236773,-35.243408203125,-4.6393985748291,-5.99009074900642,-2.7,0,0,-0.334466736836084,-0.347954893112183,-0.115027951809441,0,0,0,-0.384441266666666,0,0,0,0,0.216540725063065,0,-39.8828067779541,0,0,-0.482772043618386,-2.41643839260025,-1.31044493868869,9.85
1zs0,-8.79223017510987,-8.79223017510987,-32.6883850097656,-19.4983386993408,-5.20118623932598,0,0,0,-0.96,-1.46237540245056,0,0,0,0,-0.168668533333333,-1,0,0,0,0,0,-52.1867237091064,0,0,-0.338162699042687,-2.06482640696427,-1.00180566530799,6.15
1vfn,-4.95487720046594,-4.95487720046594,-10.4397401809692,-12.3477640151978,-0.75758960723877,0,-1,0,-0.9975,-0.926082301139831,-0.773705292087341,0,0,0,-0.5,0,0,0,0,0,0,-22.787504196167,0,0,-0.495487720046594,-1.50030266017278,-1.06749593173386,5.6
1sv3,-3.36756285320972,-3.36756285320972,-7.81462049484253,-1.44881868362427,-2.00423024961677,-0.2,0,0,-0.154671202321132,-0.10866140127182,-0.4,0,0,0,-0.5,0,0,0,0,0,0,-9.2634391784668,0,0,-0.30614207756452,-0.991073174081769,-0.680853884844814,4.74
1fkn,-10.6467920042259,-10.6467920042259,-8.34226512908936,-40.7810134887695,-2.66950226393193,0,0,0,-6.68676013494733,-2,-0.0113624798828757,0,0,0,0,0,0,0,0.480843827195023,0.239989047341205,0,-49.1232786178589,0,0,-0.168996698479776,-2.07009782372467,-0.672447530267967,8.8
1fh9,-8.81926381606543,-8.81926381606543,12.6251392364502,-28.0831851959229,-0.221200601411846,0,0,0,-6.19666401390193,-2,-0.0914625935156566,0,0,0,-0.5,0,0,0,0,0.190063392764001,0,-15.4580459594727,0,0,-0.440963190803272,-2.20717085437288,-1.19695825219105,6.43
2b7d,-7.9348583051806,-7.9348583051806,-31.5942192077637,-9.72474670410156,-3.91302459395117,0,0,0,-3.17208134899676,-2.02935600280762,0,0,0,0,0,0,1,0,0.0482122925520859,0.131391348022861,0,-41.3189659118652,0,0,-0.203457905261041,-1.70145886497841,-0.689968775650354,8.7
1nny,-1.17320959729101,-1.17320959729101,-46.3969230651855,-33.0984382629395,-2.23363520437254,0,0,0,-4.42903769494767,-2,0,0,0,0,0,0,6.5,0,0.798140208918561,0.191323093110633,0,-79.495361328125,0,0,-0.0221360301375663,-0.236044404975915,-0.0831492545507064,7.66
2gss,-3.49967011890829,-3.49967011890829,-19.8561897277832,-1.96837413311005,-2.64520263334069,-0.3,0,0,-0.253957777068144,-0.147628059983253,-0.0920958401504254,0,0,0,-0.492901866666666,0,0,0,0,0.432116058300887,0,-21.8245638608932,0,0,-0.184193164153068,-0.887241541165345,-0.49150134242696,4.94
1m2q,-6.41472637556938,-6.41472637556938,-23.2286243438721,-3.06154751777649,-4.05011031173614,-0.675,0,0,-0.96,-0.229616063833237,0,0,0,0,-0.5,0,0,0,0,0,0,-26.2901718616486,0,0,-0.320736318778469,-1.60539443996928,-0.870612313104702,6.1
1f4g,-3.3524356115915,-3.3524356115915,-38.9830513000488,-24.2557258605957,-4.11159410304836,0,0,0,-1.4,-1.81917943954468,-0.42879709879248,0,0,0,0,0,4,0,0.017101142912299,0.390033886881714,0,-63.2387771606445,0,0,-0.09860104739975,-0.74064705923437,-0.319429116399077,6.48
1vzq,-8.30891628120282,-8.30891628120282,-22.5797290802002,-30.4592342376709,-4.21247627893366,-0.285337967464846,-1,0,-2.91763450641329,-3.3,-0.77333797671298,0,0,0,0,0,4,0,0.0909545929424242,0.088915855379537,0,-53.0389633178711,0,0,-0.251785341854631,-1.84785995967345,-0.807610126847192,7.44
1a69,-5.56642847692624,-5.56642847692624,5.90957641601562,-17.3678951263428,-1.33532264559758,0,0,0,-2.2411335259529,-1.30259213447571,-0.4,0,0,0,-0.5,0,0,0,0,0.21261982909994,0,-11.4583187103271,0,0,-0.292969919838223,-1.41120917482226,-0.781761416354968,5.3
8cpa,-7.85639083521887,-7.85639083521887,-8.40935325622559,-32.8436622619629,-1.92556551243961,0,0,0,-3.92549596270074,-2,0,0,0,0,0,-2.5,2.49467063992148,0,0,0,0,-41.2530155181885,0,0,-0.24551221360059,-1.75926006513135,-0.779452691380776,9.15
1elb,-2.54536928242871,-2.54536928242871,-17.8099670410156,0.291861027479172,-2.65823970277196,0,0,0,-0.678735394962846,0.0218895770609379,-0.131899854048669,0,0,0,0,0,0,0,0.437710252865271,0.463905839428564,0,-17.5181060135365,0,0,-0.0771324024978396,-0.566076949195336,-0.247404828678525,7.15
1v48,-8.2444022461616,-8.2444022461616,-26.4589233398438,-31.6028118133545,-1.99442579886923,0,0,0,-3.19670591526294,-2,-1.03049673854335,0,0,0,-0.382653513333333,0,0,0,0,0.359879719847254,0,-58.0617351531982,0,0,-0.374745556643709,-2.01523263084054,-1.0500517876221,7.8
10gs,-8.23548199821505,-8.23548199821505,-32.8068542480469,-26.2907085418701,-2.83151472154213,-0.2,0,0,-3.31805003554484,-1.97180314064026,-0.347803635940106,0,0,0,0,0,0,0,0.00677011439517317,0.426919421057104,0,-59.097562789917,0,0,-0.249560060551971,-1.83152855535934,-0.800472460683332,6.4
1sl3,-11.1403784045723,-11.1403784045723,-52.409481048584,-13.2556667327881,-7.00768536079838,-0.325,-1,0,-1.89,-0.994175004959106,-0.683463850230379,0,0,0,0,0,0,0,0.528152651371796,0.231793160043787,0,-65.6651477813721,0,0,-0.301091308231683,-2.41608690842722,-1.00330303542267,11.85
1o3p,-2.58136374057423,-2.58136374057423,22.1037845611572,-13.5708036422729,-1.6195190183009,0,0,0,-0.385604047594944,-1.01781027317047,0,0,0,0,-0.375347866666666,0,0,0,0.603467221303299,0.213450243855452,0,8.53298091888428,0,0,-0.103254549622969,-0.611860563745052,-0.301918134324797,6.66
3gss,-8.87931239781155,-8.87931239781155,-34.2880401611328,-24.8023777008057,-3.47732543398001,-0.125,0,0,-3.35951468372289,-1.86017832756042,-0.394206089138743,0,0,0,0,0,0,0,0,0.336912136590512,0,-59.0904178619385,0,0,-0.227674676866963,-1.90397663236222,-0.772092968532927,5.82
1v2o,-7.54671116397116,-7.54671116397116,-27.7273845672607,-16.6425476074219,-3.05066918209037,0,0,0,-2.30324316389215,-2.54819107055664,-0.105310495984071,0,0,0,-0.0549923333333324,0,0,0,0.229671287497927,0.286023794387483,0,-44.3699321746826,0,0,-0.251557038799039,-1.71469500445833,-0.781646207171692,4.73
1s39,-8.18032711648502,-8.18032711648502,-17.255485534668,-13.1286706924438,-2.31852122041569,0,0,-1.95,-2.35569469942824,-0.984650301933289,-0.0714608947078023,0,0,0,-0.5,0,0,0,0,0,0,-30.3841562271118,0,0,-0.681693926373751,-2.34735903671413,-1.56068949187155,7.7
2ceq,-10.0911685208979,-10.0911685208979,1.23385512828827,-38.5650367736816,-0.472628957847691,0,0,0,-7.23982399556619,-2,0,0,0,0,-0.5,0,0,0,0,0.121284432516003,0,-37.3311816453934,0,0,-0.720797751492706,-2.77301718738374,-1.73722512326683,7.28
1det,-8.41949005769174,-8.41949005769174,-17.8187160491943,-23.6712455749512,-0.969918375282874,0,-0.75,-0.896533087878344,-3.59157293257308,-1.77534341812134,-0.31244520834888,0,0,0,-0.2959842,0,0,0,0.039945747421848,0.132361417090923,0,-41.4899616241455,0,0,-0.350812085737156,-2.01517031602979,-1.01191715875414,4.3
1k4g,-4.16779871765358,-4.16779871765358,-31.575590133667,-10.0008430480957,-3.32801058339129,0,0,-1.95,-1.6267935184779,-0.750063228607178,-0.209864944568421,0,0,0,-0.5,0,4,0,0,0.196933557391205,0,-41.5764331817627,0,0,-0.208389935882679,-1.04306255582698,-0.565657312516174,5.85
1f5k,-6.86739083998773,-6.86739083998773,-18.3243579864502,-10.822491645813,-2.5149705778819,0,0,0,-1.68779225101408,-2.11168687343597,-0.0529411376557644,0,0,0,-0.5,0,0,0,0,0,0,-29.1468496322632,0,0,-0.763043426665303,-2.14792257280511,-1.58719428693011,3.74
1tsy,-8.53315479954164,-8.53315479954164,-14.0289640426636,-27.4893074035645,-1.47790481956192,0,0,0,-4.9164014380508,-2,0,0,0,0,-0.472727066666667,0,0,0,0,0.333878524737745,0,-41.518271446228,0,0,-0.426657739977082,-2.13556720404389,-1.15812728449388,4.96
2bok,-8.96871158278502,-8.96871158278502,-34.0951690673828,-18.632532119751,-4.58892095340978,0,0,0,-1.78379526127717,-2.69743990898132,-0.507435493767074,-1.87382804967174,0,0,-0.164874466666666,-1.49906243973739,4,0,0,0.146644990726138,0,-52.7277011871338,0,0,-0.309265916647759,-2.05360752555496,-0.950162878261574,6.55
1kv5,-5.58323113538109,-5.58323113538109,-7.05675888061523,-22.0113735198975,-0.282270355224609,0,0,0,-4.68128858386342,-1.65085301399231,0,0,0,0,-0.5,0,1,0,0,0.531180817699249,0,-29.0681324005127,0,0,-0.620359015042343,-1.74627430770996,-1.29039875072889,4.22
1ai5,-4.93393322640835,-4.93393322640835,-17.1632614135742,-8.83086109161377,-2.64349420269774,-0.8,0,0,-0.536196507205064,-0.662314581871033,0,0,0,0,-0.5,0,0,0,0,0.208072065365487,0,-25.994122505188,0,0,-0.379533325108335,-1.38401215043392,-0.892409871710232,3.72
2rkm,-9.26120820270434,-9.26120820270434,-26.1066188812256,-35.4993896484375,-1.33194372555233,0,0,0,-2.55663029628177,-2,-0.189573131146726,0,0,0,-0.5,-4.5,0,0,0,1.81693895027649,0,-61.6060085296631,0,0,-0.48743201066865,-2.34791519189922,-1.3006643796315,3.9
1e1v,-8.42544671778496,-8.42544671778496,-0.695905447006226,-16.3355045318604,-1.81036841042356,0,0,-2.6,-1.57153547905197,-1.22516283988953,-0.975118427314284,0,0,0,-0.5,0,0,0,0,0.256738438894385,0,-17.0314099788666,0,0,-0.468080373210276,-2.16571763371562,-1.22671760870703,4.92
2g5u,-4.62975679826541,-4.62975679826541,-38.2150573730469,-2.52553987503052,-6.06303531263082,-0.53075813850862,0,0,0,-0.189415490627289,0,0,0,0,-0.423407666666666,0,2.5,0,0,0.0768598101679796,0,-40.7405972480774,0,0,-0.257208711014745,-1.19005511205158,-0.674077515258012,8.49
2usn,-7.09589882701638,-7.09589882701638,-16.9134540557861,-16.3596000671387,-2.38936557388692,0,0,0,-1.33,-3.25485085312946,0,0,0,0,-0.121682399999999,0,0,0,0,0,0,-33.2730541229248,0,0,-0.253424958107728,-1.63794179391808,-0.769547432133215,6.51
4er2,-7.78213629635643,-7.78213629635643,-43.0069808959961,-18.26611328125,-3.49366030101003,0,0,0,-3.50701959069668,-1.36995849609375,-0.115501080204937,0,0,0,0,0,0,0,0.366038849483544,0.337964322165419,0,-61.2730941772461,0,0,-0.162127839507426,-1.59758061285712,-0.589211670920336,9.3
6std,-10.379889190994,-10.379889190994,-46.575740814209,-5.05204725265503,-6.4295105909484,-2.7,0,0,-0.476226679827565,-0.378903543949127,-0.421015177604138,0,0,0,-0.122807533333333,0,0,0,0,0.148574334668521,0,-51.627788066864,0,0,-0.494280437666383,-2.56640662793224,-1.36368224800611,8.64
2azr,-9.56634606184089,-9.56634606184089,-26.4496669769287,-22.9139537811279,-1.91142130763758,0,0,0,-3.17275943186248,-1.71854653358459,0,0,0,0,-0.5,-2.5,0,0,0,0.23638121124376,0,-49.3636207580566,0,0,-0.562726238931817,-2.49564665548148,-1.44692761737924,3.64
1ppm,-8.45766617751713,-8.45766617751713,-53.8129119873047,-23.1929473876953,-4.05444450669609,0,-0.17870649751466,0,-3.03289772907706,-1.73947105407715,0,0,0,0,0,0,0,0,0.206619409547001,0.341234200300832,0,-77.005859375,0,0,-0.201373004226598,-1.78519543551069,-0.699977927380392,5.8
1fki,-8.13998495910976,-8.13998495910976,-40.9992294311523,-10.1292781829834,-3.58952251653827,-0.943926799787048,-1,0,-1.33,-0.759695863723755,-0.475404979060691,0,0,0,-0.041434799999999,0,0,0,0,0,0,-51.1285076141357,0,0,-0.262580159971283,-1.83581606885916,-0.824864233291433,7
1j16,-7.36425555954298,-7.36425555954298,-19.4870624542236,-9.03191566467285,-2.78548172211742,0,0,0,-1.8,-0.677393674850464,-0.101380162575101,0,0,0,-0.5,-1.5,0,0,0,0,0,-28.5189781188965,0,0,-0.818250617726998,-2.30332758347508,-1.70202987188958,3.84
1kv1,-7.12386818989295,-7.12386818989295,-38.1505012512207,-9.23362159729004,-4.56447460150504,-0.381911461480796,0,0,-1.26,-0.692521619796753,0,0,0,0,-0.4773658,0,0,0,0,0.252405292889635,0,-47.3841228485107,0,0,-0.339231818566331,-1.76136201481993,-0.93591486469058,5.94
1fcz,-15.2341026686458,-15.2341026686458,-52.117244720459,-11.6760568618774,-9.12910293348677,-2.7,0,-1.3,-0.666339489477081,-0.875704264640808,-0.4,0,0,0,-0.295154999999999,0,0,0,0,0.132199018958846,0,-63.7933015823364,0,0,-0.56422602476466,-3.54624794744951,-1.69267807243438,9.22
1m0q,-6.72262616012438,-6.72262616012438,-21.7412528991699,-31.0295295715332,-1.84467118436037,0,0,-0.415517876952691,-4.86712908080155,-2,0,0,0,0,-0.326085733333333,0,2.5,0,0,0.230777715323565,0,-52.7707824707031,0,0,-0.30557391636929,-1.64325504728161,-0.856230131206936,3.89
1b9j,-13.7310342549047,-13.7310342549047,-35.5181350708008,-46.2178688049316,-3.09975879176761,-0.125,0,0,-4.8,-3.3,-0.257937577621156,-0.248810333317587,0,0,-0.201555466666666,-3.19904826665407,1,0,0,0.501076181122393,0,-81.7360038757324,0,0,-0.508556824255729,-3.19635840075005,-1.52567047109107,5.96
1b7h,-14.9460509302216,-14.9460509302216,-32.3840789794922,-41.1463279724121,-3.08994429124498,-0.35,0,0,-4.8,-3.3,-0.259773289606748,-0.269110214139098,0,0,-0.201555466666666,-3.21528817131128,0,0,0,0.539620502747192,0,-73.5304069519043,0,0,-0.553557441860058,-3.47919425164841,-1.66067232375574,8.02
1hk4,-4.21812169101814,-4.21812169101814,-35.594482421875,-2.35364413261414,-4.18137300668277,0,0,0,0,-0.17652330994606,0,0,0,0,0,0,0,0,0.0779688505342108,0.0618057750764851,0,-37.9481265544891,0,0,-0.175755070459089,-1.0095900776527,-0.506965349160884,5.31
2d3u,-6.71520178054748,-6.71520178054748,-34.8506126403809,-8.2009220123291,-5.06831124394385,-0.993044923330285,0,0,-0.702156067553745,-0.615069150924683,-0.373883334143337,0,0,0,-0.175168266666666,0,1,0,0,0.21243120601509,0,-43.05153465271,0,0,-0.248711177057314,-1.56318826575774,-0.746133530352231,6.92
1zvx,-6.99432136945591,-6.99432136945591,-32.8382835388184,-12.5561237335205,-5.05854654586755,0,0,0,-0.825397010240994,-0.941709280014038,0,0,0,0,-0.168668533333333,-1,1,0,0,0,0,-45.3944072723389,0,0,-0.269012360363689,-1.6425934233764,-0.796948059064904,9.22